Country ,Country Code,Series Name,1991,1992,1993,1994,1995,1996,1997,1998,1999,2000,2001,2002,2003,2004,2005,2006,2007,2008,2009,2010,2011,2012,2013,2014,2015,2016,2017,2018,2019,2020,2021,2022,2023,,,
Afghanistan,AFG,"Employment to population ratio, 15+, total (%) (modeled ILO estimate)",43.389,43.361,43.354,43.311,43.238,43.143,43.075,42.999,42.937,42.875,42.832,42.82,42.835,42.833,42.863,42.885,42.977,43.002,43.119,43.182,43.232,43.267,43.297,43.368,42.896,42.449,42.014,40.468,38.922,36.71,36.022,32.333,32.402,,,
Albania,ALB,"Employment to population ratio, 15+, total (%) (modeled ILO estimate)",57.673,45.414,47.882,50.157,53.237,53.075,51.925,49.41,48.222,48.939,48.766,48.945,48.611,48.121,47.419,46.704,45.609,46.245,47.473,47.426,51.858,49.371,44.101,43.775,45.955,48.477,50.152,52,53.391,51.026,52.115,54.296,54.324,,,
Algeria,DZA,"Employment to population ratio, 15+, total (%) (modeled ILO estimate)",36.363,34.614,33.763,33.058,31.073,32.57,33.588,32.7,31.782,31.088,32.037,32.499,33.299,35.818,36.725,37.946,37.226,38.264,38.779,39.174,39.006,38.38,38.663,38.255,37.696,38.008,37.236,37.137,37.011,33.992,34.42,36.287,36.33,,,
Angola,AGO,"Employment to population ratio, 15+, total (%) (modeled ILO estimate)",64.287,64.229,63.937,63.965,64.298,64.851,64.922,64.754,64.566,64.479,64.444,64.587,64.558,64.631,64.63,64.74,64.774,64.715,64.562,64.421,64.35,64.278,64.098,63.927,63.624,63.319,63.05,62.818,62.645,62.257,64.306,64.573,64.739,,,
Argentina,ARG,"Employment to population ratio, 15+, total (%) (modeled ILO estimate)",56.669,56.831,55.275,54.716,49.937,51.39,53.487,55.125,53.767,52.975,50.969,48.336,51.646,53.567,54.434,55.567,55.937,55.692,55.526,55.544,56.296,56.006,55.705,55.124,54.743,54.249,53.899,54.1,54.355,49.602,55.085,57.3,58.462,,,
Armenia,ARM,"Employment to population ratio, 15+, total (%) (modeled ILO estimate)",64.287,64.005,61.278,59.924,59.336,57.197,55.804,56.335,55.005,54.923,54.762,54.541,54.324,54.134,54.004,53.97,54.073,50.026,49.445,49.482,49.94,50.776,51.437,50.961,50.585,51.09,51.034,50.226,51.612,51.101,53.381,53.885,53.816,,,
Australia,AUS,"Employment to population ratio, 15+, total (%) (modeled ILO estimate)",57.218,56.24,55.787,56.943,58.283,58.233,57.967,58.281,58.582,59.303,59.164,59.459,59.935,60.144,61.26,61.747,62.415,62.783,61.856,62.066,62.184,61.836,61.343,60.849,61.135,61.242,61.599,62.232,62.607,60.901,62.591,64.216,64.334,,,
Austria,AUT,"Employment to population ratio, 15+, total (%) (modeled ILO estimate)",54.168,54.896,54.759,56.619,56.326,55.309,55.097,55.202,55.823,55.69,55.572,55.843,55.921,54.203,54.765,55.447,56.506,57.154,56.703,56.953,57.131,57.252,57.122,56.758,56.73,57.015,57.292,57.914,58.121,57.224,56.715,57.843,57.649,,,
Azerbaijan,AZE,"Employment to population ratio, 15+, total (%) (modeled ILO estimate)",71.257,72.353,72.414,72.997,73.541,72.846,71.718,70.371,69.223,67.753,66.459,65.205,64.066,62.538,61.711,60.511,57.876,57.259,57.482,57.437,57.873,58.398,58.82,59.68,60.386,61.419,61.787,62.195,61.957,62.356,58.411,60.401,59.956,,,
"Bahamas, The",BHS,"Employment to population ratio, 15+, total (%) (modeled ILO estimate)",63.468,61.971,63.886,63.431,65.734,65.35,66.602,68.234,68.496,68.755,68.904,67.245,65.761,66.113,66.046,67.907,67.531,67.092,62.411,62.179,62.024,62.377,60.689,62.421,63.737,63.22,65.425,65.415,65.923,60.176,62.365,65.358,65.939,,,
Bahrain,BHR,"Employment to population ratio, 15+, total (%) (modeled ILO estimate)",65.706,65.887,65.789,65.555,65.434,65.334,65.458,65.668,65.973,66.39,66.579,66.532,66.549,66.764,67.163,67.749,68.54,69.445,70.364,70.934,70.327,70.727,70.704,70.357,70.532,71.117,71.459,71.249,70.704,68.346,68.146,69.477,70.06,,,
Bangladesh,BGD,"Employment to population ratio, 15+, total (%) (modeled ILO estimate)",55.541,55.678,55.789,55.915,56.037,56.158,56.203,56.226,56.231,56.22,56.074,55.874,55.655,55.635,55.643,55.986,55.859,55.704,55.527,56.597,55.941,55.3,54.649,54.308,53.972,53.65,55.778,56.339,56.868,56.598,57.925,59.031,58.987,,,
Barbados,BRB,"Employment to population ratio, 15+, total (%) (modeled ILO estimate)",52.934,52.166,51.483,52.94,55.989,58.764,58.946,60.576,61.884,62.866,62.625,62.326,61.886,63.439,63.615,63.697,64.461,63.783,62.232,61.533,60.96,59.738,60.404,58.266,59.018,60.616,60.448,60.238,59.445,57.569,57.885,58.01,58.376,,,
Belarus,BLR,"Employment to population ratio, 15+, total (%) (modeled ILO estimate)",58.861,57.351,54.067,51.583,48.785,44.623,48.618,50.359,51.189,52.051,52.852,53.563,54.208,54.832,55.453,56.133,56.825,57.663,58.517,59.015,59.473,59.866,60.134,60.338,60.474,60.605,60.821,61.326,61.556,61.414,61.503,61.733,61.306,,,
Belgium,BEL,"Employment to population ratio, 15+, total (%) (modeled ILO estimate)",45.757,46.204,45.616,45.384,45.73,45.62,45.969,46.014,47.384,48.802,47.654,47.57,47.319,48.182,48.797,48.73,49.654,49.949,49.282,49.67,49.491,49.306,49.1,49.008,48.842,49.001,49.555,50.48,51.005,50.422,50.671,51.536,51.39,,,
Belize,BLZ,"Employment to population ratio, 15+, total (%) (modeled ILO estimate)",50.231,50.572,50.662,49.846,49.903,49.952,51.431,50.3,51.686,53.089,54.36,53.996,54.029,54.098,54.113,55.252,56.007,56.426,56.552,56.715,56.921,57.168,57.402,58.258,59.032,59.752,59.81,61.657,63.414,57.499,55.44,56.544,56.971,,,
Benin,BEN,"Employment to population ratio, 15+, total (%) (modeled ILO estimate)",70.976,71.07,71.041,71.03,71.097,71.099,71.164,71.161,71.191,71.212,71.242,71.255,71.228,71.212,71.176,71.17,71.174,71.195,71.17,71.118,69.977,70.556,71.181,71.746,72.18,72.6,73.082,73.653,74.183,73.668,74.635,74.507,74.339,,,
Bhutan,BTN,"Employment to population ratio, 15+, total (%) (modeled ILO estimate)",69.507,69.413,69.308,69.257,69.205,69.169,69.136,69.116,69.015,68.65,68.325,68.231,68.175,67.645,67.238,67.295,66.992,66.97,66.94,65.887,65.233,63.08,63.426,60.963,61.593,61.258,60.889,60.506,64.559,64.415,65.775,59.342,62.962,,,
Bolivia,BOL,"Employment to population ratio, 15+, total (%) (modeled ILO estimate)",67.284,67.173,67.389,67.642,68.215,68.669,69.19,68.996,68.702,68.435,68.137,67.986,67.784,67.645,67.49,67.339,67.143,66.982,66.558,66.638,66.707,66.664,66.238,66.347,65.436,65.003,66.125,69.271,71.428,67.11,73.831,75.487,75.991,,,
Bosnia and Herzegovina,BIH,"Employment to population ratio, 15+, total (%) (modeled ILO estimate)",44.978,44.046,42.837,41.661,40.861,40.473,40.151,39.649,39.129,38.679,38.127,37.6,36.986,36.51,35.971,35.505,36.594,39.481,39.037,37.303,37.068,36.667,36.779,36.578,36.365,37.36,39.629,40.473,41.532,41.016,41.54,42.656,44.155,,,
Botswana,BWA,"Employment to population ratio, 15+, total (%) (modeled ILO estimate)",53.923,52.17,50.485,48.727,48.275,47.806,47.742,47.579,48.549,49.294,47.914,46.457,45.107,46.495,47.824,49.244,50.509,51.695,52.547,49.171,49.635,50.188,50.376,50.453,50.418,50.388,50.423,50.687,50.724,48.76,49.208,49.361,52.313,,,
Brazil,BRA,"Employment to population ratio, 15+, total (%) (modeled ILO estimate)",60.258,60.377,61.293,61.147,61.006,58.811,58.954,58.332,58.297,58.641,59.002,59.849,59.427,60.579,60.87,61.143,61.05,61.619,61.052,60.574,59.955,59.739,59.766,59.714,58.787,56.845,56.271,56.549,57.142,52.195,54.238,57.663,57.915,,,
Brunei Darussalam,BRN,"Employment to population ratio, 15+, total (%) (modeled ILO estimate)",63.238,63.598,63.866,64.086,64.244,64.383,64.435,64.476,64.561,64.671,64.743,64.549,64.324,64.06,63.771,63.519,63.155,62.741,62.391,62.261,62.221,62.08,61.779,61.421,60.608,59.811,59.118,60.653,60.517,59.292,60.761,60.756,60.668,,,
Bulgaria,BGR,"Employment to population ratio, 15+, total (%) (modeled ILO estimate)",47.49,45.172,44.085,45.568,46.055,44.942,44.051,44.428,43.239,41.851,41.22,41.731,43.272,44.781,45.075,47.358,49.864,51.785,50.412,48.003,46.633,46.65,46.957,47.801,49.252,49.272,51.99,52.434,54.156,52.87,52.381,54.249,54.388,,,
Burkina Faso,BFA,"Employment to population ratio, 15+, total (%) (modeled ILO estimate)",81.851,81.224,80.667,79.914,79.299,78.693,78.028,77.298,76.483,75.634,74.821,73.953,73.205,71.868,70.648,70.043,69.503,68.542,67.557,66.702,65.77,64.877,63.859,62.834,60.542,58.3,56.089,53.889,51.692,48.931,47.127,44.896,44.87,,,
Burundi,BDI,"Employment to population ratio, 15+, total (%) (modeled ILO estimate)",86.724,86.206,85.534,84.795,84.207,83.408,82.485,81.557,80.841,80.069,79.279,78.474,77.687,76.826,75.956,74.981,75.812,76.607,76.892,77.155,77.307,77.448,77.59,77.697,78.374,78.899,79.156,79.189,78.966,77.738,78.255,78.436,78.185,,,
Cabo Verde,CPV,"Employment to population ratio, 15+, total (%) (modeled ILO estimate)",52.423,52.249,52.103,52.053,51.852,51.644,51.328,51.075,50.837,50.63,50.288,49.988,49.644,49.486,49.262,49.06,48.868,48.628,48.293,52.812,52.655,52.548,52.408,52.249,52.119,52.026,51.936,48.798,50.465,46.92,47.77,50.73,50.629,,,
Cambodia,KHM,"Employment to population ratio, 15+, total (%) (modeled ILO estimate)",79.523,79.513,79.542,79.941,79.873,79.839,80.079,79.99,79.848,79.83,79.804,79.738,79.689,79.815,79.966,80.093,80.205,78.288,81.541,84.098,84.946,82.576,79.868,79.737,79.29,81.15,81.294,81.81,82.328,82.097,79.195,79.833,79.807,,,
Cameroon,CMR,"Employment to population ratio, 15+, total (%) (modeled ILO estimate)",75.005,74.95,74.862,75.052,75.236,75.605,75.707,75.783,75.82,75.828,75.84,76.401,77.008,77.64,78.177,78.703,79.224,77.302,75.253,73.097,72.238,71.372,70.476,69.551,68.645,67.742,66.83,65.921,65.004,63.364,62.72,63.295,63.254,,,
Canada,CAN,"Employment to population ratio, 15+, total (%) (modeled ILO estimate)",59.395,57.989,57.548,58.02,58.293,58.046,58.558,59.317,60.138,60.832,60.69,61.298,62.028,62.239,62.221,62.495,62.978,63.041,61.288,61.275,61.508,61.638,61.788,61.385,61.311,61.018,61.564,61.721,62.065,57.907,60.288,61.802,61.822,,,
Central African Republic,CAF,"Employment to population ratio, 15+, total (%) (modeled ILO estimate)",68.659,68.647,68.647,68.652,68.716,68.762,68.792,68.801,68.784,68.785,68.743,68.695,68.657,68.699,68.71,68.784,68.856,68.919,68.945,68.972,69.08,69.272,69.453,69.625,69.662,69.65,69.625,69.643,69.57,68.478,68.261,69.243,69.267,,,
Chad,TCD,"Employment to population ratio, 15+, total (%) (modeled ILO estimate)",71.645,71.591,71.794,71.344,70.867,70.448,69.971,69.514,69.032,68.537,68.066,67.603,67.147,66.694,66.211,65.689,65.121,64.576,64.075,63.589,63.065,62.557,62.013,61.506,60.962,60.396,59.831,59.293,59.287,58.353,58.484,59.929,59.812,,,
Chile,CHL,"Employment to population ratio, 15+, total (%) (modeled ILO estimate)",50.339,51.831,52.304,51.929,53.38,52.431,52.579,52.605,50.326,50.044,49.298,48.969,49.657,49.768,50.529,51.743,52.515,53.11,51.744,55.209,57.09,57.499,57.88,57.918,58.149,58.007,58.383,58.389,58.346,50.196,52.211,55.177,55.976,,,
China,CHN,"Employment to population ratio, 15+, total (%) (modeled ILO estimate)",76.84,76.38,75.663,75.027,74.47,73.891,73.315,72.807,72.293,71.771,71.07,70.444,69.891,69.652,69.323,69.078,68.824,68.337,67.929,67.746,67.636,67.185,66.751,66.425,66.078,65.739,65.295,64.887,64.307,62.678,64.056,62.523,62.756,,,
Colombia,COL,"Employment to population ratio, 15+, total (%) (modeled ILO estimate)",59.949,60.609,62.054,62.14,62.152,60.069,60.003,57.937,53.944,53.748,57.463,56.952,58.52,57.539,58.111,57.45,56.729,56.925,58.875,59.598,60.568,61.293,61.053,61.096,61.275,60.492,60.015,59.131,57.71,53.279,55.389,56.498,57.646,,,
Comoros,COM,"Employment to population ratio, 15+, total (%) (modeled ILO estimate)",39.773,39.944,40.04,40.126,40.131,40.111,40.189,40.113,40.032,39.968,39.89,39.832,39.667,39.485,39.798,40.111,40.411,40.732,41.049,41.388,41.703,42.016,42.337,42.635,43.469,44.3,45.112,45.902,46.664,46.84,47.836,48.62,48.529,,,
"Congo, Dem. Rep.",COD,"Employment to population ratio, 15+, total (%) (modeled ILO estimate)",69.747,69.695,69.646,69.562,69.612,69.919,70.133,70.192,70.164,70.168,70.174,70.24,70.346,70.419,70.441,69.418,68.38,67.334,66.256,65.192,64.117,63.064,63.076,63.101,63.104,63.029,62.95,62.952,63.001,60.049,62.301,62.609,62.463,,,
"Congo, Rep.",COG,"Employment to population ratio, 15+, total (%) (modeled ILO estimate)",55.116,55.067,54.968,54.754,54.751,54.83,54.952,54.953,54.752,54.758,54.614,54.751,54.574,54.487,54.473,54.542,54.284,54.251,54.288,54.592,54.567,54.616,54.5,54.675,54.544,54.414,54.159,54.088,54.271,52.032,52.494,54.303,54.475,,,
Costa Rica,CRI,"Employment to population ratio, 15+, total (%) (modeled ILO estimate)",53.466,53.473,54.307,54.711,55.024,52.522,54.828,56.509,56.168,55.879,56.586,55.938,56.045,55.073,57.171,57.053,58.629,57.904,55.753,54.968,54.85,58.471,58.43,58.734,57.523,54.861,55.222,56.605,57.318,50.66,52.413,54.527,52.099,,,
Cote d'Ivoire,CIV,"Employment to population ratio, 15+, total (%) (modeled ILO estimate)",61.319,61.189,61.668,62.137,62.681,62.649,62.633,62.498,62.438,62.32,62.234,62.176,62.1,62.19,62.254,62.389,62.354,62.423,62.433,62.541,62.332,62.41,64.302,64.847,65.213,65.562,63.958,63.542,63.131,63.339,64.775,65.468,65.234,,,
Croatia,HRV,"Employment to population ratio, 15+, total (%) (modeled ILO estimate)",50.964,50.599,50.151,49.823,49.479,49.207,48.717,47.371,45.834,44.177,43.966,43.971,44.566,45.687,46.024,46.307,47.631,48.553,48.169,46.43,44.678,43.108,41.986,43.208,44.133,44.488,45.705,46.744,47.627,47.181,47.965,49.011,49.075,,,
Cyprus,CYP,"Employment to population ratio, 15+, total (%) (modeled ILO estimate)",58.759,59.121,58.899,59.041,59.191,58.906,58.67,58.621,57.138,57.484,59.409,59.77,60.455,60.265,59.827,60.392,61.304,61.286,60.138,60.108,58.759,56.289,53.707,54.113,54.519,55.469,57.196,59.82,61.382,60.636,61.482,63.022,63.758,,,
Czechia,CZE,"Employment to population ratio, 15+, total (%) (modeled ILO estimate)",59.975,59.805,58.749,59.035,59.04,58.938,58.298,57.119,55.737,55.12,55.133,55.459,54.871,54.314,54.71,55.04,55.65,55.843,54.653,54.095,54.354,54.548,55.135,55.65,56.375,57.457,58.336,59.017,58.906,57.944,57.784,58.533,58.871,,,
Denmark,DNK,"Employment to population ratio, 15+, total (%) (modeled ILO estimate)",61.095,61.02,59.316,59.323,60.688,60.919,62.146,62.024,62.693,62.814,62.697,63.164,62.218,62.695,62.748,63.756,63.381,62.807,60.373,58.677,58.26,57.551,56.95,57.089,57.558,58.046,58.221,58.73,59.311,58.623,59.553,60.688,60.504,,,
Djibouti,DJI,"Employment to population ratio, 15+, total (%) (modeled ILO estimate)",26.622,26.455,26.129,25.932,25.8,25.755,25.583,25.431,25.376,25.288,25.203,25.109,25.105,25.113,25.082,25.029,24.954,24.881,24.725,24.609,24.526,24.466,24.368,24.245,24.148,24.032,23.861,23.671,23.503,22.51,22.65,23.548,23.68,,,
Dominica,DMA,"Employment to population ratio, 15+, total (%) (modeled ILO estimate)",..,..,..,..,..,..,..,..,..,..,..,..,..,..,..,..,..,..,..,..,..,..,..,..,..,..,..,..,..,..,..,..,..,,,
Dominican Republic,DOM,"Employment to population ratio, 15+, total (%) (modeled ILO estimate)",52.819,53.286,53.705,53.755,53.811,53.947,54.323,54.534,54.701,54.75,53.117,53.665,52.704,53.27,52.893,54.065,54.259,54.842,52.437,53.75,54.617,55.436,54.912,55.529,57.291,57.902,58.73,60.033,61.046,56.667,58.308,59.744,60.711,,,
Ecuador,ECU,"Employment to population ratio, 15+, total (%) (modeled ILO estimate)",60.444,60.466,60.42,60.649,60.687,60.668,61.403,63.462,61.904,60.403,61.358,61.582,61.636,64.093,64.446,65.537,64.669,63.942,61.063,60.121,59.644,60.432,60.341,60.44,63.284,64.558,65.54,64.308,63.656,56.254,62.032,62.541,62.225,,,
"Egypt, Arab Rep.",EGY,"Employment to population ratio, 15+, total (%) (modeled ILO estimate)",42.338,42.981,42.66,43.537,42.63,43.024,42.735,42.306,43.742,42.072,40.769,38.867,39.315,40.421,40.935,42.043,43.712,43.501,43.549,45.045,43.004,42.385,42.065,41.811,40.846,40.825,39.661,39.032,38.886,38.298,39.788,39.691,39.681,,,
El Salvador,SLV,"Employment to population ratio, 15+, total (%) (modeled ILO estimate)",56.895,56.851,56.346,58.528,57.599,56.143,55.681,58.184,57.594,57.255,56.705,56.608,57.504,56.146,56.224,56.919,57.454,57.342,55.993,56.959,57.019,57.883,58.289,56.929,56.342,56.643,56.419,56.376,57.39,53.91,56.613,58.279,58.671,,,
Equatorial Guinea,GNQ,"Employment to population ratio, 15+, total (%) (modeled ILO estimate)",56.359,56.553,56.743,56.928,57.114,57.239,57.331,57.383,57.353,57.113,56.576,55.953,55.31,54.737,54.347,54.232,54.198,54.254,54.309,54.438,54.756,55.168,55.578,55.907,56.098,56.265,56.331,56.346,56.172,52.634,53.102,55.621,55.458,,,
Estonia,EST,"Employment to population ratio, 15+, total (%) (modeled ILO estimate)",65.863,62.302,59.021,58.288,55.869,55.143,55.115,54.499,52.154,51.036,50.374,51.247,52.118,52.889,53.9,56.919,57.735,57.821,52.528,50.399,53.703,55.117,55.984,56.589,57.854,58.328,59.571,60.062,60.31,58.654,59.283,61.486,61.419,,,
Eswatini,SWZ,"Employment to population ratio, 15+, total (%) (modeled ILO estimate)",43.687,43.34,42.883,43.087,43.246,42.853,42.419,41.796,41.197,40.61,40.053,39.602,39.202,38.841,38.477,38.143,37.754,37.827,37.916,38.118,38.385,38.725,38.979,39.186,39.343,39.518,38.108,36.696,35.343,32.336,31.842,30.843,30.767,,,
Ethiopia,ETH,"Employment to population ratio, 15+, total (%) (modeled ILO estimate)",79.076,78.984,79.137,79.283,79.378,79.324,79.284,79.141,79.007,79.215,79.495,79.587,79.622,79.783,79.971,79.997,79.905,79.821,79.729,79.659,79.583,79.503,79.409,77.716,76.053,74.381,72.723,71.059,69.432,66.583,65.567,65.741,65.47,,,
Fiji,FJI,"Employment to population ratio, 15+, total (%) (modeled ILO estimate)",57.143,56.997,56.924,56.864,56.78,56.696,56.491,56.331,56.209,56.062,55.916,55.723,55.592,55.465,54.523,55.515,56.455,57.425,58.359,59.332,60.278,58.987,57.669,56.343,55.739,55.097,54.968,54.87,54.861,54.096,54.254,54.84,54.889,,,
Finland,FIN,"Employment to population ratio, 15+, total (%) (modeled ILO estimate)",59.289,54.879,51.353,50.575,49.562,50.01,51.111,52.216,53.927,54.57,55.548,55.664,55.631,55.438,56.236,56.712,56.933,57.514,55.403,54.702,55.166,55.007,54.269,53.65,53.253,53.383,53.598,54.944,55.222,54.283,55.216,56.362,55.965,,,
France,FRA,"Employment to population ratio, 15+, total (%) (modeled ILO estimate)",49.996,49.534,48.94,48.132,48.539,48.506,48.053,48.395,48.722,49.652,50.376,50.578,51.351,50.871,51.016,50.978,51.574,51.986,51.173,51,50.85,50.693,50.692,50.035,49.862,49.828,50.059,50.313,50.316,49.925,51.167,51.764,51.561,,,
Gabon,GAB,"Employment to population ratio, 15+, total (%) (modeled ILO estimate)",39.974,39.866,39.797,39.735,39.828,39.775,39.719,39.638,39.596,39.509,39.478,39.686,39.781,39.831,39.951,39.698,39.51,39.305,39.249,39.071,39.456,39.776,39.951,40.115,40.301,40.456,40.613,40.747,40.884,37.749,38.286,40.885,40.895,,,
"Gambia, The",GMB,"Employment to population ratio, 15+, total (%) (modeled ILO estimate)",43.093,43.069,43.081,43.141,43.173,43.185,43.201,43.228,43.176,43.089,43.021,43.08,42.957,42.826,43.044,43.039,42.961,43.009,43.009,42.955,43.131,43.024,43.461,44.226,44.644,45.149,45.612,45.93,45.592,45.024,44.778,44.8,44.468,,,
Georgia,GEO,"Employment to population ratio, 15+, total (%) (modeled ILO estimate)",64.472,63.193,63.765,62.368,62.488,58.966,58.19,55.897,56.892,57.164,58.821,56.773,58.421,56.596,55.205,53.759,54.894,52.144,51.212,52.262,53.218,54.278,54.114,55.891,57.428,57.064,56.986,55.835,55.65,55.962,53.55,55.685,55.803,,,
Germany,DEU,"Employment to population ratio, 15+, total (%) (modeled ILO estimate)",56.43,55.34,54.055,53.562,53.501,52.893,52.49,52.48,53.171,53.398,53.398,52.888,52.19,51.294,51.803,52.934,53.907,54.651,54.545,55.134,56.282,56.737,57.074,57.371,57.442,57.932,58.366,58.8,59.368,58.131,58.224,59.028,59.241,,,
Ghana,GHA,"Employment to population ratio, 15+, total (%) (modeled ILO estimate)",74.834,73.597,72.881,72.076,71.328,70.566,69.843,69.112,67.382,66.813,67.145,67.508,67.912,68.298,68.658,68.993,68.515,68.138,67.65,67.281,67.754,68.164,68.482,66.555,64.54,64.846,65.306,64.565,63.807,62.366,61.912,61.479,61.473,,,
Greece,GRC,"Employment to population ratio, 15+, total (%) (modeled ILO estimate)",45.091,45.477,44.693,45.375,45.456,45.872,45.586,45.512,45.319,45.606,45.261,45.736,46.346,46.502,46.906,47.758,47.909,48.318,47.7,46.167,42.781,39.059,37.289,37.547,38.41,39.12,40.096,41.057,42.187,42.097,42.954,45.386,46.091,,,
Guatemala,GTM,"Employment to population ratio, 15+, total (%) (modeled ILO estimate)",60.687,60.803,60.883,60.956,61.059,61.05,61.14,61.247,61.332,61.355,61.263,61.323,61.3,61.237,60.758,60.401,60.049,59.589,58.952,58.345,59.454,63.317,58.403,59.082,59.077,59.121,59.443,59.122,57.871,55.219,56.648,58.403,58.801,,,
Guinea,GIN,"Employment to population ratio, 15+, total (%) (modeled ILO estimate)",60.689,60.713,60.77,60.843,60.909,60.928,61.074,61.176,61.215,61.232,61.376,61.486,60.807,60.123,59.414,58.751,58.186,57.541,56.816,56.095,55.45,54.922,54.22,53.495,52.762,52.219,51.659,51.015,50.226,49.224,49.547,49.707,49.555,,,
Guinea-Bissau,GNB,"Employment to population ratio, 15+, total (%) (modeled ILO estimate)",62.388,62.323,62.281,62.261,62.266,62.301,62.278,61.972,61.83,61.765,61.966,61.895,61.805,61.757,61.752,61.727,61.692,61.638,61.594,61.548,61.53,61.436,61.365,61.242,61.226,61.16,61.092,60.934,61.256,60.377,60.644,61.06,61.122,,,
Guyana,GUY,"Employment to population ratio, 15+, total (%) (modeled ILO estimate)",52.125,52.555,53.027,52.73,52.369,52.04,51.679,51.254,50.838,50.378,50.045,49.617,49.849,50.011,50.124,50.317,50.191,50.024,49.778,49.49,49.263,48.977,48.641,48.273,47.908,47.63,47.399,47.421,44.537,42.907,43.419,44.182,43.842,,,
Haiti,HTI,"Employment to population ratio, 15+, total (%) (modeled ILO estimate)",61.529,61.178,60.759,60.203,60.157,59.889,59.686,59.139,58.684,57.463,56.84,56.215,55.685,55.061,54.519,53.98,53.706,54.397,55.247,55.612,56.249,56.466,56.863,56.837,56.855,56.784,56.804,56.816,56.591,55.081,55.521,55.848,55.794,,,
Honduras,HND,"Employment to population ratio, 15+, total (%) (modeled ILO estimate)",62.631,63.761,63.885,63.749,63.817,63.033,63.799,63.374,63.344,61.881,61.29,60.76,59.436,58.489,58.64,57.717,57.065,57.696,58.805,59.365,57.055,56.207,59.123,59.611,60.152,59.063,60.801,62.976,60.912,53.665,57.29,58.307,53.881,,,
"Hong Kong SAR, China",HKG,"Employment to population ratio, 15+, total (%) (modeled ILO estimate)",62.301,61.18,60.78,60.648,59.681,59.648,59.821,58.345,57.121,57.719,57.864,56.793,55.974,56.587,57.187,57.657,58.136,57.938,56.822,56.276,57.296,57.781,58.437,58.338,58.462,58.349,58.577,58.946,58.245,55.55,55.704,55.353,55.703,,,
Hungary,HUN,"Employment to population ratio, 15+, total (%) (modeled ILO estimate)",46.924,46.059,44.901,45.503,45.797,45.825,46.328,46.357,47.461,47.882,48.64,48.932,49.012,49.173,48.57,48.465,48.415,48.072,46.406,46.194,46.482,47.059,48.081,50.76,52.374,54.35,55.411,56.175,56.505,56.012,56.82,57.759,58.067,,,
Iceland,ISL,"Employment to population ratio, 15+, total (%) (modeled ILO estimate)",70.805,70.015,69.002,69.201,71.656,71.62,70.705,72.617,74.514,76.258,76.223,74.324,74.038,73.139,73.706,74.62,75.334,74.069,69.311,68.917,68.862,69.709,70.76,72.133,73.51,75.001,74.672,73.812,72.926,69.485,68.987,71.646,72.118,,,
Israel,ISR,"Employment to population ratio, 15+, total (%) (modeled ILO estimate)",51.118,51.111,53.128,55.587,56.668,56.24,55.074,53.948,53.976,54.542,54.089,52.757,52.657,53.373,54.79,55.56,56.885,57.972,56.88,57.893,58.536,60.847,61.115,61.821,62.157,62.535,62.78,62.869,62.571,60.763,60.272,62.346,62.61,,,
India,IND,"Employment to population ratio, 15+, total (%) (modeled ILO estimate)",53.475,53.502,53.525,53.624,53.952,54.29,54.571,54.866,55.192,55.499,55.337,55.132,55.028,54.913,54.811,53.939,53.077,52.185,51.364,50.575,50.008,49.407,49.257,49.134,48.996,48.846,48.668,48.471,48.881,47.496,49.171,50.981,52.369,,,
Indonesia,IDN,"Employment to population ratio, 15+, total (%) (modeled ILO estimate)",64.22,64.503,63.799,63.882,63.752,63.619,63.231,63.276,62.948,63.638,63.046,61.62,61.299,60.879,59.282,59.36,60.889,61.589,62.014,62.845,63.465,64.404,63.862,63.926,63.574,63.462,64.171,64.684,65.788,64.533,63.347,64.698,64.751,,,
"Iran, Islamic Rep.",IRN,"Employment to population ratio, 15+, total (%) (modeled ILO estimate)",41.588,41.373,40.957,40.501,40.186,39.933,39.679,39.398,39.094,38.971,38.848,38.867,39.776,40.819,40.671,40.076,39.647,37.778,37.82,36.51,35.542,36.641,36.79,36.522,37.258,37.718,38.824,38.977,39.299,37.352,37.233,37.026,36.877,,,
Iraq,IRQ,"Employment to population ratio, 15+, total (%) (modeled ILO estimate)",39.11,39.016,38.982,39.014,38.866,38.794,38.759,38.792,38.778,38.704,38.568,38.367,38.177,38.226,38.236,38.252,38.107,38.049,37.938,37.866,37.764,37.723,38.094,38.384,38.373,38.481,36.436,36.112,35.633,33.44,33.248,34.79,34.844,,,
Ireland,IRL,"Employment to population ratio, 15+, total (%) (modeled ILO estimate)",51.394,51.259,51.428,52.511,54.467,55.68,56.162,58.545,60.124,61.645,62.131,61.761,61.46,61.514,62.894,63.212,63.299,61.473,56.003,53.5,52.419,52.073,53.402,54.388,55.658,56.917,57.764,58.575,59.227,57.655,59.576,61.624,62.338,,,
Italy,ITA,"Employment to population ratio, 15+, total (%) (modeled ILO estimate)",45.251,43.999,43.087,42.005,41.403,41.667,41.628,41.802,42.215,42.638,43.286,43.8,44.311,45.596,45.135,45.568,45.627,45.632,44.542,43.98,43.879,43.608,42.603,42.551,42.837,43.418,43.952,44.338,44.651,43.832,43.842,45.078,46.002,,,
Jamaica,JAM,"Employment to population ratio, 15+, total (%) (modeled ILO estimate)",66.471,66.047,65.826,65.391,65.005,64.382,63.875,63.305,62.646,62.161,61.719,61.408,61.127,61.087,60.89,60.65,60.398,60.093,57.628,55.876,55.93,55.451,55.846,56.891,59.716,59.316,60.815,61.902,63.628,60.619,62.286,64.892,64.904,,,
Japan,JPN,"Employment to population ratio, 15+, total (%) (modeled ILO estimate)",62.48,62.608,62.189,61.771,61.421,61.34,61.526,60.746,59.908,59.478,58.881,57.936,57.575,57.56,57.732,57.89,58.047,57.748,56.83,56.539,56.553,56.44,56.853,57.31,57.485,58.107,58.738,59.93,60.55,60.207,60.367,60.875,61.265,,,
Jordan,JOR,"Employment to population ratio, 15+, total (%) (modeled ILO estimate)",31.032,31.43,31.645,32.82,33.703,34.122,34.088,34.029,34.03,34.002,33.096,32.525,31.977,32.312,32.632,32.422,34.586,34.484,34.927,34.563,33.969,33.364,32.425,32.068,32.735,32.988,32.937,32.024,32.649,32.272,30.999,31.538,31.614,,,
Kazakhstan,KAZ,"Employment to population ratio, 15+, total (%) (modeled ILO estimate)",70.137,70.024,69.957,65.519,63.098,61.542,61.427,61.469,61.323,61.741,63.133,63.651,63.711,63.493,63.862,64.331,65.039,65.962,66.359,67.268,67.902,68.285,68.626,68.919,69.08,69.063,69.134,69.181,69.223,67.733,67.93,68.337,67.913,,,
Kenya,KEN,"Employment to population ratio, 15+, total (%) (modeled ILO estimate)",71.037,70.884,70.745,70.675,70.665,70.636,70.52,70.42,70.299,70.417,70.54,70.629,70.78,70.914,71.106,71.269,71.407,71.445,71.514,71.645,71.827,71.957,72.01,72.12,72.237,72.354,69.745,67.1,64.403,63.273,63.621,63.356,63.248,,,
"Korea, Rep.",KOR,"Employment to population ratio, 15+, total (%) (modeled ILO estimate)",58.66,58.876,58.673,59.617,60.192,60.406,60.404,56.021,56.362,58.285,58.849,59.74,59.067,59.702,59.414,59.463,59.47,59.013,58.199,58.328,58.822,59.214,59.513,60.358,60.361,60.34,60.612,60.357,60.635,59.826,60.274,61.971,62.547,,,
Kuwait,KWT,"Employment to population ratio, 15+, total (%) (modeled ILO estimate)",63.418,62.742,63.306,65.389,66.785,66.851,66.331,65.874,65.565,65.404,65.56,65.768,66.261,66.772,67.308,67.199,66.869,66.748,67.099,67.449,68.27,69.146,69.566,69.762,70.733,71.133,71.586,71.82,71.717,66.27,68.062,72.686,72.495,,,
Kyrgyz Republic,KGZ,"Employment to population ratio, 15+, total (%) (modeled ILO estimate)",69.269,70.373,71.59,73.379,73.893,73.381,72.669,72.561,72.301,71.871,71.454,71.447,70.909,70.395,70.424,70.183,69.556,68.978,68.786,68.807,68,65.463,63.672,62.691,63.022,62.602,60.965,61.78,61.493,61.745,62.295,62.748,62.839,,,
Lao PDR,LAO,"Employment to population ratio, 15+, total (%) (modeled ILO estimate)",61.242,61.048,60.969,60.921,60.85,60.85,60.811,60.804,60.774,60.754,60.769,60.74,60.725,60.704,60.672,60.612,60.56,60.496,60.429,60.347,59.987,59.63,59.262,58.901,58.542,58.183,57.828,59.192,60.575,61.354,62.982,65.203,65.193,,,
Latvia,LVA,"Employment to population ratio, 15+, total (%) (modeled ILO estimate)",59.343,56.54,50.298,48.721,48.277,47.035,48.818,50.49,49.741,48.171,48.689,49.773,50.035,50.499,51.46,54.804,56.556,56.753,49.552,47.359,49.017,50.697,52.273,52.809,54.108,54.528,55.489,56.792,57.231,56.58,55.563,56.783,57.042,,,
Lebanon,LBN,"Employment to population ratio, 15+, total (%) (modeled ILO estimate)",41.101,40.801,40.553,40.364,40.238,40.016,40.035,40.073,40.144,40.291,40.352,40.46,40.555,40.564,40.2,39.825,39.503,40.492,41.492,41.731,41.897,42.052,42.233,42.478,42.674,42.863,43.055,43.229,43.368,39.212,40.009,40.512,40.537,,,
Lesotho,LSO,"Employment to population ratio, 15+, total (%) (modeled ILO estimate)",62.342,62.347,62.209,62.094,61.875,61.839,61.639,61.425,61.088,60.658,60.286,59.849,59.422,58.908,58.538,58.065,57.677,57.27,56.626,56.182,55.672,55.414,54.821,53.708,52.573,51.57,50.363,49.154,47.925,46.6,46.627,48.468,48.536,,,
Liberia,LBR,"Employment to population ratio, 15+, total (%) (modeled ILO estimate)",75.389,75.375,75.441,75.469,75.434,75.424,75.467,75.487,75.47,75.418,75.353,75.323,75.112,75.114,75.136,75.384,75.445,75.453,75.428,75.403,75.341,75.317,75.391,75.394,75.004,74.567,74.545,74.507,74.437,72.938,73.381,74.512,74.58,,,
Libya,LBY,"Employment to population ratio, 15+, total (%) (modeled ILO estimate)",36.828,36.75,36.708,36.624,36.68,36.875,36.965,37.224,37.414,37.527,37.428,37.4,37.535,37.68,37.909,38.116,38.543,38.802,39.061,39.409,39.492,39.799,39.79,39.874,39.704,39.765,39.988,40.046,39.893,39.085,39.371,39.369,39.442,,,
Lithuania,LTU,"Employment to population ratio, 15+, total (%) (modeled ILO estimate)",65.418,64.624,55.722,55.101,52.159,52.292,53.054,52.629,52.994,50.596,48.885,50.475,52.253,50.917,51.482,51.95,53.067,52.537,48.743,46.541,48.569,50.028,51.165,52.63,53.755,55.563,56.325,57.761,58.187,57.341,57.871,59.011,58.584,58.116,,
Luxembourg,LUX,"Employment to population ratio, 15+, total (%) (modeled ILO estimate)",51.319,51.885,51.142,50.415,48.961,49.4,50.057,50.138,51.131,52.23,52.42,52.941,51.668,51.851,52.92,52.826,53.262,52.774,54.473,54.53,53.973,55.274,54.991,55.413,55.801,55.26,55.586,56.053,56.741,56.036,58.057,58.146,58.335,,,
"Macao SAR, China",MAC,"Employment to population ratio, 15+, total (%) (modeled ILO estimate)",56.247,56.965,58.933,60.301,61.021,61.807,63.49,62.402,61.545,61.016,60.762,60.114,58.002,59.629,61.254,63.333,66.354,67.665,67.463,67.998,69.053,69.345,69.569,70.211,69.676,68.703,68.427,68.725,68.386,66.737,67.883,66.33,63.501,,,
Madagascar,MDG,"Employment to population ratio, 15+, total (%) (modeled ILO estimate)",80.881,80.747,80.67,80.83,80.842,80.87,81.012,81.123,81.241,81.305,81.732,81.749,82.178,83.107,84.237,83.984,83.774,83.571,83.165,82.79,84.263,85.84,85.409,84.966,84.506,84.144,83.804,83.494,83.208,81.705,82.002,82.39,82.459,,,
Malawi,MWI,"Employment to population ratio, 15+, total (%) (modeled ILO estimate)",76.708,76.641,76.745,76.499,76.87,76.844,77.036,76.877,76.818,76.769,76.626,76.598,76.65,76.792,76.815,75.738,74.686,73.587,72.431,71.151,69.827,68.878,67.973,67.076,66.164,65.189,64.213,64.114,64.02,64.36,63.253,63.924,63.911,,,
Malaysia,MYS,"Employment to population ratio, 15+, total (%) (modeled ILO estimate)",60.258,60.24,59.969,60.259,60.57,60.984,61.086,60.823,60.714,60.913,60.476,60.311,60.035,59.889,59.746,59.766,59.755,59.693,59.57,59.772,60.039,60.991,61.932,63.081,63.153,62.839,62.966,63.397,63.711,62.513,62.612,63.094,63.118,,,
Maldives,MDV,"Employment to population ratio, 15+, total (%) (modeled ILO estimate)",49.48,49.832,50.193,50.549,50.905,51.483,52.056,52.623,53.18,53.72,52.82,51.953,51.134,50.332,49.396,48.553,47.722,47.033,46.005,47.259,48.53,49.867,51.173,52.482,53.83,55.166,57.012,58.897,60.729,59.357,60.967,60.775,60.725,,,
Mali,MLI,"Employment to population ratio, 15+, total (%) (modeled ILO estimate)",69.317,69.295,69.355,69.297,69.317,69.326,69.309,69.319,69.269,69.2,69.22,69.175,69.22,69.13,69.175,69.174,69.222,69.25,69.3,69.371,69.423,69.472,69.522,69.576,69.572,68.91,68.126,68.003,66.792,63.59,65.716,67.675,67.209,,,
Malta,MLT,"Employment to population ratio, 15+, total (%) (modeled ILO estimate)",46.607,46.66,46.713,46.67,46.649,46.84,47,47.045,47.015,46.53,46.632,46.557,46,44.76,45.316,45.5,46.354,46.718,46.372,46.96,47.892,49.084,50.452,51.609,52.636,53.561,55.016,57.269,58.642,59.198,60.638,61.835,61.64,,,
Mauritania,MRT,"Employment to population ratio, 15+, total (%) (modeled ILO estimate)",41.796,41.719,41.761,41.663,41.71,41.668,41.615,41.494,41.426,41.385,41.158,40.947,40.883,40.757,40.647,40.577,40.323,40.045,39.663,39.529,39.393,39.255,38.783,38.298,37.824,37.312,36.854,36.798,36.756,36.148,36.184,36.784,36.687,,,
Mauritius,MUS,"Employment to population ratio, 15+, total (%) (modeled ILO estimate)",54.566,54.482,54.33,54.203,54.023,53.923,53.844,53.757,53.569,53.465,52.305,53.477,55.489,53.944,53.622,53.689,53.275,54.124,54.192,54.671,54.075,54.304,55.336,55.495,55.871,55.593,55.844,55.466,55.964,51.218,48.97,52.525,52.552,,,
Mexico,MEX,"Employment to population ratio, 15+, total (%) (modeled ILO estimate)",56.375,56.815,57.294,56.695,55.187,56.215,58.211,58.219,58.15,57.996,57.389,56.702,56.783,57.038,57.981,58.705,58.711,58.288,57.313,57.189,57.394,58.226,58.029,57.561,57.941,58.099,58.15,58.45,58.995,53.921,57.517,58.961,60.035,,,
Moldova,MDA,"Employment to population ratio, 15+, total (%) (modeled ILO estimate)",58.255,57.314,57.379,56.189,56.475,55.046,55,53.898,53.29,54.796,53.678,53.308,53.597,51.6,51.727,55.653,57.244,58.352,58.872,61.51,62.69,63.393,64.027,68.278,68.992,68.819,67.247,66.251,68.316,68.854,71.941,71.88,69.555,,,
Mongolia,MNG,"Employment to population ratio, 15+, total (%) (modeled ILO estimate)",54.813,55.39,55.77,55.983,56.043,56.152,56.168,56.173,56.215,56.285,56.269,56.177,55.695,55.492,55.267,55.053,54.972,55.201,55.24,54.957,56.953,57.324,56.98,56.782,56.773,54.172,55.378,56.534,58.345,57.881,55.533,57.826,57.781,,,
Montenegro,MNE,"Employment to population ratio, 15+, total (%) (modeled ILO estimate)",35.277,35.165,35.026,34.843,34.655,34.517,34.358,34.24,34.045,33.976,33.837,33.868,33.697,33.612,33.565,36.185,38.821,39.999,39.015,38.767,38.731,39.644,39.741,42.315,43.18,43.394,44.174,45.429,46.304,41.367,40.144,41.173,41.216,,,
Morocco,MAR,"Employment to population ratio, 15+, total (%) (modeled ILO estimate)",44.221,44.342,44.418,44.195,44.518,44.469,44.372,44.522,44.305,44.51,44.882,44.815,44.633,45.171,45.065,45.728,45.769,45.749,45.611,45.1,44.78,44.058,43.851,43.398,42.979,42.221,41.303,41.518,41.794,39.603,40.509,40.094,40.271,,,
Mozambique,MOZ,"Employment to population ratio, 15+, total (%) (modeled ILO estimate)",81.713,81.54,81.63,81.608,81.669,81.628,81.674,82.079,82.409,82.607,82.937,83.21,83.571,83.005,82.438,81.926,81.362,80.797,80.163,79.55,78.937,78.331,77.683,77.029,76.345,76.301,76.215,76.145,76.096,75.157,75.047,76.273,76.198,,,
Myanmar,MMR,"Employment to population ratio, 15+, total (%) (modeled ILO estimate)",68.304,68.176,68.1,68.014,67.898,67.801,67.71,67.617,67.448,67.235,67.052,66.841,66.589,66.343,66.09,65.836,65.597,65.382,65.16,64.96,64.839,64.684,64.511,64.358,64.215,62.707,61.182,61.883,60.256,59.263,52.796,53.467,53.551,,,
Namibia,NAM,"Employment to population ratio, 15+, total (%) (modeled ILO estimate)",44.554,44.664,44.564,44.394,42.928,41.69,40.419,41.314,42.236,43.142,42.999,42.94,42.86,43.061,43.273,43.623,43.708,43.986,44.072,44.368,46.101,47.884,49.961,49.56,48.022,46.336,46.701,47.176,47.195,45.727,46.109,47.486,47.755,,,
Nepal,NPL,"Employment to population ratio, 15+, total (%) (modeled ILO estimate)",37.267,37.274,37.263,37.261,37.221,37.199,37.131,37.1,37.067,37.059,37.061,36.991,36.945,36.927,36.929,36.855,36.762,36.722,36.678,36.652,36.547,36.41,36.213,36.074,35.954,35.795,35.66,35.545,35.664,34.306,34.742,35.483,35.57,,,
Netherlands,NLD,"Employment to population ratio, 15+, total (%) (modeled ILO estimate)",61.936,63.282,62.86,62.29,62.253,62.854,63.602,64.51,65.252,66.1,66.656,66.305,65.432,64.479,63.42,63.952,64.496,64.8,64.037,63.295,63.171,62.949,61.927,61.257,61.876,62.264,62.877,63.77,64.367,63.904,63.631,64.739,65.184,,,
New Zealand,NZL,"Employment to population ratio, 15+, total (%) (modeled ILO estimate)",56.693,56.228,56.703,58.36,60.157,61.056,60.547,59.592,60.116,60.795,61.79,62.556,62.707,63.769,64.636,65.129,65.52,65.136,63.6,63.112,63.495,62.953,63.47,64.601,64.695,65.966,67.142,67.45,67.291,66.653,67.738,68.594,68.845,,,
Nicaragua,NIC,"Employment to population ratio, 15+, total (%) (modeled ILO estimate)",53.298,53.291,53.181,53.325,53.616,54.299,54.792,55.205,55.547,55.873,56.172,56.307,56.576,57.628,58.596,58.959,59.546,59.046,58.125,58.647,59.733,60.954,61.225,62.034,62.048,62.692,63.21,61.775,61.425,60.372,61.345,62.066,62.357,,,
Niger,NER,"Employment to population ratio, 15+, total (%) (modeled ILO estimate)",77.473,77.475,77.486,77.507,77.509,77.518,77.546,77.677,77.726,77.754,77.786,77.581,77.379,76.983,76.772,77.285,77.746,78.149,78.499,78.921,79.265,75.959,74.609,73.18,73.029,72.903,72.769,72.652,72.524,71.789,71.729,72.347,72.453,,,
Nigeria,NGA,"Employment to population ratio, 15+, total (%) (modeled ILO estimate)",80.097,80.052,80.044,80.184,80.215,80.243,80.294,80.328,80.353,80.292,80.215,79.944,79.793,79.58,79.323,79.173,78.984,78.825,78.636,78.439,78.315,78.262,78.137,77.829,77.636,77.523,77.33,77.161,77.06,76.805,76.993,78.284,80.1,,,
North Macedonia,MKD,"Employment to population ratio, 15+, total (%) (modeled ILO estimate)",42.488,41.132,40.017,38.394,35.021,33.051,34.424,34.827,35.549,35.759,36.761,36.089,33.86,33.534,33.392,33.871,35.157,36.141,37.004,35.565,37.349,37.395,38.803,39.204,39.749,40.447,41.007,41.599,43.79,43.47,43.461,45.264,45.661,,,
Norway,NOR,"Employment to population ratio, 15+, total (%) (modeled ILO estimate)",58.576,58.576,58.927,59.755,59.583,60.941,61.722,62.85,63.59,63.784,63.842,63.842,63.792,63.939,64.017,64.896,65.699,65.68,64.991,64.036,64.067,64.018,63.678,63.233,62.956,62.487,62.07,62.37,62.733,62.127,62.646,63.627,62.882,,,
Oman,OMN,"Employment to population ratio, 15+, total (%) (modeled ILO estimate)",54.824,55.563,56.397,56.443,55.814,55.281,54.764,54.351,54.074,53.677,53.454,53.481,53.499,53.57,53.742,54.155,54.667,55.397,56.276,57.319,60.257,63.572,65.331,66.202,67.003,67.914,68.821,69.134,68.224,63.518,64.15,65.474,65.667,,,
Pakistan,PAK,"Employment to population ratio, 15+, total (%) (modeled ILO estimate)",49.376,49.384,48.9,48.847,48.054,48.937,49.804,49.628,49.853,50.09,50.113,50.129,50.271,50.422,50.087,49.741,49.846,49.872,50.265,50.664,50.371,49.239,49.931,50.065,50.171,50.501,49.688,48.912,49.105,48.48,49.388,49.667,49.73,,,
Panama,PAN,"Employment to population ratio, 15+, total (%) (modeled ILO estimate)",54.098,55.288,56.319,56.611,57.31,57.462,57.677,58.934,58.761,59.052,59.289,59.593,59.749,60.444,60.666,60.003,60.436,61.949,59.796,61.086,60.467,62.56,63.328,62.813,62.805,63.064,62.355,64.084,64.225,56.664,56.409,60.954,60.881,,,
Papua New Guinea,PNG,"Employment to population ratio, 15+, total (%) (modeled ILO estimate)",70.41,70.29,70.096,70.013,70.074,69.882,69.999,70.193,70.181,70.354,68.388,66.28,64.142,61.907,59.625,57.258,54.851,52.347,49.864,47.375,47.43,47.714,47.985,48.196,48.461,48.741,48.991,49.327,49.605,49.323,49.831,50.591,50.596,,,
Paraguay,PRY,"Employment to population ratio, 15+, total (%) (modeled ILO estimate)",65.669,65.663,65.836,66.558,67.682,64.283,66.423,66.878,65.893,63.904,64.625,62.291,62.992,66.724,66.888,63.509,65.573,66.242,65.822,64.643,64.745,68.365,66.803,64.534,64.831,66.289,66.679,67.4,67.618,64.825,66.661,65.812,66.652,,,
Peru,PER,"Employment to population ratio, 15+, total (%) (modeled ILO estimate)",56.209,55.913,56.969,58.042,59.952,61.145,62.558,63.443,64.745,62.519,65.307,66.522,68.051,68.671,69.549,72.965,75.036,75.071,75.465,76.388,75.917,75.918,75.079,74.593,73.419,72.557,74.154,74.484,74.748,63.976,68.264,71.606,69.125,,,
Philippines,PHL,"Employment to population ratio, 15+, total (%) (modeled ILO estimate)",59.162,59.134,59.126,59.144,59.146,59.116,59.067,59.071,59.018,58.961,58.984,58.999,58.986,59.337,59.252,58.929,59.155,58.793,59.065,59.219,59.995,59.57,59.297,59.933,59.521,59.93,57.632,57.602,58.114,53.365,54.552,59.843,60.024,,,
Poland,POL,"Employment to population ratio, 15+, total (%) (modeled ILO estimate)",52.913,52.686,51.702,50.872,50.643,50.721,50.942,51.105,49.229,48.049,46.131,44.198,43.871,44.114,45.254,46.523,48.601,50.438,50.535,50.47,50.692,50.78,50.739,51.865,52.608,53.553,54.537,55.115,55.375,55.365,56.412,56.917,57.268,,,
Portugal,PRT,"Employment to population ratio, 15+, total (%) (modeled ILO estimate)",58.589,56.605,55.45,54.581,54.145,54.23,55.258,57.758,57.868,58.484,59.097,59.227,58.182,57.618,57.154,57.301,57.225,57.319,55.522,54.609,52.823,50.793,49.679,50.61,51.25,51.91,53.61,54.829,55.198,53.663,53.55,54.624,54.941,,,
Puerto Rico,PRI,"Employment to population ratio, 15+, total (%) (modeled ILO estimate)",38.255,37.855,39.152,39.805,39.678,40.486,41.117,41.15,41.74,41.309,40.818,40.684,41.208,41.858,42.286,42.03,41.088,39.657,36.72,35.154,34.142,34.525,34.503,34.56,35.218,35.368,35.68,36.774,37.505,36.991,36.353,38.394,38.432,,,
Qatar,QAT,"Employment to population ratio, 15+, total (%) (modeled ILO estimate)",82.367,82.095,82.214,82.267,82.388,82.395,81.686,81.473,81.555,81.595,81.797,81.928,82.204,81.498,81.775,83.111,84.884,85.827,86.224,86.169,85.971,85.856,86.054,86.574,87.125,87.344,87.375,87.407,87.345,86.983,86.243,87.461,87.436,,,
Romania,ROU,"Employment to population ratio, 15+, total (%) (modeled ILO estimate)",46.072,46.259,46.348,46.375,46.32,46.909,47.763,47.921,47.783,47.49,47.626,46.749,47.37,46.887,47.128,47.101,47.603,48.052,44.076,46.893,46.455,46.764,46.642,47.187,47.859,48.015,49.356,49.73,50.036,49.408,49.539,49.65,48.756,,,
Russian Federation,RUS,"Employment to population ratio, 15+, total (%) (modeled ILO estimate)",63.185,62.478,60.118,56.887,55.656,54.599,52.117,50.458,53.312,54.829,54.604,55.58,55.086,55.894,56.592,56.918,58.304,58.663,57.462,58.038,58.824,59.532,59.423,59.598,59.227,59.394,59.248,59.44,58.944,57.97,59.06,59.541,59.792,,,
Rwanda,RWA,"Employment to population ratio, 15+, total (%) (modeled ILO estimate)",55.624,55.675,55.565,56.033,56.882,56.844,56.793,56.324,55.705,55.217,54.824,54.701,54.396,54.253,54.098,54.189,54.167,54.175,54.074,54.002,53.861,53.825,53.696,53.583,53.503,53.432,53.281,53.882,51.883,55.248,49.016,51.089,55.8,,,
Samoa,WSM,"Employment to population ratio, 15+, total (%) (modeled ILO estimate)",55.534,55.395,55.141,55.239,54.916,54.597,54.61,54.477,54.31,54.034,53.619,53.387,53.16,52.99,52.712,52.558,52.452,52.216,52.16,51.917,51.71,50.168,50.164,50.168,49.921,49.562,49.315,47.834,46.175,43.988,42.476,41.526,41.145,,,
Sao Tome and Principe,STP,"Employment to population ratio, 15+, total (%) (modeled ILO estimate)",21.292,21.268,21.311,21.301,21.277,21.222,21.122,21.024,20.914,20.772,20.373,19.886,20.163,20.199,20.099,20.047,20.201,20.355,20.432,20.547,20.625,20.778,21.061,21.31,21.485,21.648,21.777,21.699,21.556,20.854,20.982,21.501,21.451,,,
Saudi Arabia,SAU,"Employment to population ratio, 15+, total (%) (modeled ILO estimate)",47.553,47.665,47.38,47.087,46.896,46.749,46.557,46.357,46.125,46.756,46.137,45.45,45.227,45.123,45.151,45.323,45.859,46.636,46.916,48.572,50.291,52.28,53.951,54.976,56.403,57.286,55.515,55.835,57.754,57.633,59.306,60.235,61.29,,,
Senegal,SEN,"Employment to population ratio, 15+, total (%) (modeled ILO estimate)",49.877,49.738,49.645,49.498,49.433,49.336,49.273,49.188,49.148,49.08,48.99,48.826,48.749,48.697,48.69,48.615,48.107,47.612,47.127,46.644,46.133,45.159,44.168,43.299,42.413,47.883,44.126,46.683,49.26,48.504,48.987,48.968,48.882,,,
Serbia,SRB,"Employment to population ratio, 15+, total (%) (modeled ILO estimate)",50.186,49.928,49.696,49.307,48.838,48.491,47.713,47.54,47.904,48.237,47.855,47.06,46.088,43.971,42.474,42.269,43.84,45.576,42.748,40.118,38.327,38.117,39.821,41.683,42.176,44.89,46.337,47.091,48.444,48.564,51.151,52.773,52.497,,,
Seychelles,SYC,"Employment to population ratio, 15+, total (%) (modeled ILO estimate)",..,..,..,..,..,..,..,..,..,..,..,..,..,..,..,..,..,..,..,..,..,..,..,..,..,..,..,..,..,..,..,..,..,,,
Sierra Leone,SLE,"Employment to population ratio, 15+, total (%) (modeled ILO estimate)",61.674,61.589,61.609,61.615,61.716,61.751,61.758,61.849,61.869,61.977,61.945,62.117,62.133,63.849,62.81,61.845,60.909,59.964,59.001,58.03,57.065,56.163,55.271,54.284,53.605,53.055,52.578,52.191,52.059,51.402,51.609,52.157,52.091,,,
Singapore,SGP,"Employment to population ratio, 15+, total (%) (modeled ILO estimate)",60.592,60.449,60.806,61.309,61.763,62.064,63.238,62.95,62.099,62.947,62.999,60.971,60.862,60.799,61.553,63.12,62.943,63.977,62.669,64.595,64.755,65.416,65.152,65.992,66.895,66.419,66.047,66.103,66.847,65.895,67.406,67.23,66.984,,,
Slovak Republic,SVK,"Employment to population ratio, 15+, total (%) (modeled ILO estimate)",58.053,56.351,54.576,51.71,51.984,53.335,52.578,51.744,49.722,48.597,48.672,48.815,49.721,49.135,49.785,51.151,52.169,53.545,51.644,50.371,50.784,50.918,50.82,52.89,52.773,54.2,55.017,55.819,56.125,54.948,56.051,57.4,57.619,,,
Slovenia,SVN,"Employment to population ratio, 15+, total (%) (modeled ILO estimate)",54.387,53.84,53.282,53.291,53.764,53.788,54.815,55.206,54.154,53.745,54.506,54.92,53.038,55.539,55.481,55.928,57.097,57.17,56.149,55.067,53.408,52.717,51.806,52.259,52.43,52.296,54.708,55.935,55.787,54.937,55.61,56.684,56.534,,,
Solomon Islands,SLB,"Employment to population ratio, 15+, total (%) (modeled ILO estimate)",81.683,81.412,81.399,81.247,80.986,81.068,81.178,81.192,81.36,81.918,82.238,82.467,82.756,82.885,82.933,82.941,82.944,82.892,82.941,83.095,83.23,83.515,83.688,83.715,83.734,83.611,83.565,83.52,83.499,82.611,82.778,83.138,83.129,,,
Somalia,SOM,"Employment to population ratio, 15+, total (%) (modeled ILO estimate)",27.41,27.211,27.191,27.077,27.199,27.271,27.437,27.504,27.537,27.63,27.625,27.654,27.686,27.765,27.845,27.951,28.038,28.044,28.013,27.972,27.86,27.736,27.734,27.764,27.832,27.816,27.801,27.687,27.623,27.163,27.097,27.447,27.479,,,
South Africa,ZAF,"Employment to population ratio, 15+, total (%) (modeled ILO estimate)",48.118,47.968,47.932,48.062,48.331,48.448,48.343,48.044,47.746,47.557,47.377,47.163,46.877,46.729,46.615,46.565,46.474,46.314,44.402,40.8,42.33,42.122,42.411,42.131,43.184,42.583,42.885,42.49,41.722,38.719,36.798,37.999,39.742,,,
Spain,ESP,"Employment to population ratio, 15+, total (%) (modeled ILO estimate)",41.814,40.983,38.823,38.129,38.752,39.253,40.377,41.674,43.76,45.599,46.703,47.68,48.634,49.55,51.679,52.947,53.533,52.435,48.67,47.569,46.673,44.678,43.701,44.378,45.693,46.873,48.049,48.842,49.499,47.641,48.944,50.284,50.675,,,
Sri Lanka,LKA,"Employment to population ratio, 15+, total (%) (modeled ILO estimate)",50.399,48.569,48.881,49.608,48.146,49.112,49.385,53.426,52.221,51.269,50.971,50.288,50.378,50.082,50.26,50.684,50.757,50.946,50.392,50.745,50.69,50.53,49.874,49.454,51.244,51.446,51.807,49.488,49.809,47.786,47.354,47.475,46.844,,,
St. Kitts and Nevis,KNA,"Employment to population ratio, 15+, total (%) (modeled ILO estimate)",..,..,..,..,..,..,..,..,..,..,..,..,..,..,..,..,..,..,..,..,..,..,..,..,..,..,..,..,..,..,..,..,..,,,
St. Lucia,LCA,"Employment to population ratio, 15+, total (%) (modeled ILO estimate)",52.623,52.699,52.622,52.589,53.426,53.203,50.66,50.029,52.361,53.478,52.253,51.306,50.383,51.4,53.115,55.125,56.688,57.785,56.275,55.35,54.421,55.873,53.87,54.317,54.853,55.518,56.095,56.373,58.057,40.184,52.063,58.137,61.576,,,
St. Vincent and the Grenadines,VCT,"Employment to population ratio, 15+, total (%) (modeled ILO estimate)",50.023,50.354,50.403,50.164,50.385,50.205,50.458,50.339,50.419,50.31,50.175,50.654,51.287,51.716,51.86,52.288,52.555,52.672,52.255,51.749,51.693,51.867,52.286,52.416,52.587,52.807,52.883,53.005,52.873,50.7,51.16,52.833,53.586,,,
Sudan,SDN,"Employment to population ratio, 15+, total (%) (modeled ILO estimate)",42.41,42.579,42.885,43.077,43.353,43.685,43.697,43.485,43.243,42.903,42.687,42.473,42.236,41.98,41.724,41.479,41.229,40.92,42.363,41.352,40.278,39.744,39.212,38.679,38.214,37.58,36.901,36.271,35.689,34.451,33.965,34.698,..,,,
Suriname,SUR,"Employment to population ratio, 15+, total (%) (modeled ILO estimate)",40.046,39.936,40.458,41.954,43.954,42.454,42.3,41.961,40.271,41.045,41.931,42.86,43.79,44.722,45.343,45.937,46.494,47.094,47.662,49.002,49.313,49.528,50.857,51.189,51.55,51.672,51.711,51.988,52.067,48.858,49.462,49.708,50.05,,,
Sweden,SWE,"Employment to population ratio, 15+, total (%) (modeled ILO estimate)",64.148,61.18,57.531,56.709,57.608,56.998,56.219,56.53,57.838,58.607,59.723,59.541,59.16,58.233,58.297,58.86,59.777,59.883,58.069,57.764,58.585,58.469,58.721,58.828,59.19,59.618,60.09,60.421,60.198,58.874,58.773,59.963,60.077,,,
Switzerland,CHE,"Employment to population ratio, 15+, total (%) (modeled ILO estimate)",63.643,63.213,62.733,61.717,62.104,64.944,64.549,65.441,65.667,65.508,66.083,65.769,65.056,64.36,63.989,64.631,65.153,65.908,65.47,63.791,64.548,64.551,64.393,64.709,64.942,65.286,65.25,65.343,65.321,64.709,64.088,63.894,64.65,,,
Syrian Arab Republic,SYR,"Employment to population ratio, 15+, total (%) (modeled ILO estimate)",47.954,47.375,47.041,46.247,45.651,45.803,45.923,46.052,46.482,46.011,44.146,43.66,43.146,42.826,42.466,42.067,40.524,38.825,39.445,39.024,39.656,33.79,32.302,32.013,32.133,32.339,32.506,32.688,32.933,31.931,32.101,32.968,32.999,,,
Tajikistan,TJK,"Employment to population ratio, 15+, total (%) (modeled ILO estimate)",43.902,43.899,43.542,43.318,43.184,42.915,42.871,42.647,42.736,42.871,43.05,42.96,43.005,43.366,42.969,42.548,42.064,39.658,37.621,37.587,37.564,37.596,37.591,37.565,37.529,37.506,37.134,36.749,36.376,35.664,36.05,36.394,36.474,,,
Tanzania,TZA,"Employment to population ratio, 15+, total (%) (modeled ILO estimate)",83.592,83.495,83.251,83.167,83.268,83.464,83.598,83.635,83.68,83.738,83.85,84.214,84.567,84.892,85.176,85.434,85.208,84.939,84.671,83.691,82.773,82.429,82.102,82.183,82.114,82.005,81.901,81.794,81.679,78.156,81.262,81.531,81.578,,,
Thailand,THA,"Employment to population ratio, 15+, total (%) (modeled ILO estimate)",73.462,74.287,74.041,74.013,74.481,74.734,74.82,72.032,71.189,71.793,71.702,71.988,71.929,71.942,72.072,71.608,72.011,72.013,71.75,71.211,72.743,72.403,69.796,69.392,68.856,67.845,66.965,67.28,66.46,66.285,66.139,66.549,66.407,,,
Timor-Leste,TLS,"Employment to population ratio, 15+, total (%) (modeled ILO estimate)",68.346,68.636,68.85,69.098,69.086,68.985,68.865,68.697,68.456,68.165,67.438,67.592,67.56,67.363,67.28,67.495,67.076,66.546,66.059,65.544,65.228,65.014,64.848,64.621,64.46,63.711,64.223,64.684,64.341,64.014,64.022,65.573,65.189,,,
Togo,TGO,"Employment to population ratio, 15+, total (%) (modeled ILO estimate)",56.972,56.816,56.578,56.66,56.694,56.819,56.712,56.515,56.357,56.129,56.097,56.061,56.086,56.019,55.894,55.802,55.998,56.285,56.528,56.813,57.06,57.035,56.994,56.939,56.874,56.393,55.9,56.34,56.784,56.136,56.354,56.957,57.026,,,
Tonga,TON,"Employment to population ratio, 15+, total (%) (modeled ILO estimate)",55.944,57.009,58.114,58.902,58.493,57.952,57.434,56.965,56.571,56.142,55.75,55.374,55.019,55.565,56.143,56.74,56.467,56.252,55.976,55.645,55.274,54.976,54.663,54.301,53.926,53.569,53.191,52.781,52.659,51.663,51.891,51.52,51.024,,,
Trinidad and Tobago,TTO,"Employment to population ratio, 15+, total (%) (modeled ILO estimate)",48.128,47.867,47.803,49.506,51.061,52.396,53.392,54.106,54.848,55.443,56.203,56.497,57.46,59.885,61.18,62.37,62.343,62.785,61.516,61.241,60.633,61.257,61.961,62.319,61.515,60.052,59.474,59.008,58.547,56.171,55.07,55.792,55.715,,,
Tunisia,TUN,"Employment to population ratio, 15+, total (%) (modeled ILO estimate)",41.312,41.419,41.265,41.242,41.084,41.244,41.337,41.232,41.019,40.803,40.714,40.298,39.975,39.793,40.15,40.671,40.868,41.002,40.892,41.237,38.899,39.744,40.163,40.825,40.296,40.296,40.208,41.095,41.158,38.683,38.813,39.304,38.865,,,
Turkey,TUR,"Employment to population ratio, 15+, total (%) (modeled ILO estimate)",52.318,51.226,47.479,49.962,49.988,50.172,48.958,49.159,48.649,46.704,45.646,44.442,43.236,41.287,41.493,41.54,41.475,41.745,41.164,43.007,44.983,45.357,45.902,45.511,46.014,46.333,47.063,47.382,45.681,42.848,45.212,47.503,48.308,,,
Turkmenistan,TKM,"Employment to population ratio, 15+, total (%) (modeled ILO estimate)",50.326,51.453,51.53,51.347,50.118,48.681,49.299,48.24,47.002,47.3,47.548,47.995,48.313,48.535,48.335,48.255,48.188,47.968,48.169,47.826,47.299,46.965,46.686,46.422,46.282,46.158,46.034,45.931,45.834,44.418,44.648,45.853,45.734,,,
Uganda,UGA,"Employment to population ratio, 15+, total (%) (modeled ILO estimate)",71.076,71.077,71.168,71.292,71.637,71.824,71.938,71.896,71.872,71.864,71.866,71.8,71.635,72.222,72.736,72.32,71.884,71.444,70.875,70.696,77.328,81.015,83.272,75.392,73.025,70.437,67.541,71.553,74.879,75.637,76.447,78.746,78.568,,,
Ukraine,UKR,"Employment to population ratio, 15+, total (%) (modeled ILO estimate)",58.155,57.93,57.647,57.422,55.083,53.686,52.731,51.142,50.625,50.51,50.673,50.991,51.392,51.443,52.02,52.009,52.668,52.668,51.28,51.702,51.849,52.036,52.244,51.068,51.147,51.035,50.956,51.357,51.703,49.868,49.266,..,..,,,
United Arab Emirates,ARE,"Employment to population ratio, 15+, total (%) (modeled ILO estimate)",73.441,73.668,74.027,74.42,74.809,74.655,73.935,73.338,72.971,72.838,72.827,72.993,73.272,73.796,74.315,74.948,75.075,74.922,74.387,74.528,74.908,75.283,75.714,76.136,76.612,77.166,76.82,77.339,77.614,75.398,74.661,75.023,75.789,,,
United Kingdom,GBR,"Employment to population ratio, 15+, total (%) (modeled ILO estimate)",56.678,55.526,54.713,54.959,55.357,55.73,56.559,56.999,57.4,57.928,58.103,58.168,58.418,58.596,58.654,58.7,58.598,58.611,57.231,56.873,56.715,56.858,57.202,58.156,58.793,59.344,59.603,60.024,60.335,59.746,58.958,59.596,59.323,,,
United States,USA,"Employment to population ratio, 15+, total (%) (modeled ILO estimate)",60.58,60.358,60.64,61.469,61.897,62.189,62.78,63.033,63.27,63.506,62.746,61.793,61.314,61.407,61.742,62.162,61.99,61.226,58.412,57.592,57.574,58.017,58.108,58.595,58.979,59.391,59.824,60.153,60.542,56.598,58.211,59.539,59.821,,,
Uruguay,URY,"Employment to population ratio, 15+, total (%) (modeled ILO estimate)",52.372,52.439,51.865,52.857,53.259,53.115,53.72,55.296,53.536,52.567,52.29,49.987,49.264,51.764,52.367,55.26,57.816,58.87,59.732,59.683,61.853,61.015,60.665,61.561,60.072,59.547,59.055,58.371,58.067,54.877,57.058,58.204,58.583,,,
Uzbekistan,UZB,"Employment to population ratio, 15+, total (%) (modeled ILO estimate)",58.663,59.332,58.478,57.628,57.568,55.814,55.48,53.851,53.671,54.147,54.591,55.032,55.453,55.66,55.878,56.034,56.058,55.62,55.178,54.806,54.879,54.74,54.546,54.235,53.997,53.876,53.464,53.578,53.669,52.579,53.131,53.597,53.531,,,
Vanuatu,VUT,"Employment to population ratio, 15+, total (%) (modeled ILO estimate)",70.802,70.827,70.618,70.612,70.607,70.643,70.483,70.511,70.507,70.448,70.474,70.516,70.429,70.576,70.759,70.715,68.977,67.003,64.699,61.368,60.685,60.002,59.332,58.667,57.993,57.375,56.742,56.099,55.406,55.691,55.142,55.678,55.715,,,
Viet Nam,VNM,"Employment to population ratio, 15+, total (%) (modeled ILO estimate)",76.488,76.329,76.228,76.096,75.898,75.711,74.036,73.679,72.846,71.8,72.901,72.885,72.463,72.42,72.716,73.078,73.516,74.163,74.718,75.418,75.609,75.539,76.217,76.335,75.999,75.542,75.753,76.582,75.327,72.803,71.938,73.347,72.87,,,
Virgin Islands (U.S.),VIR,"Employment to population ratio, 15+, total (%) (modeled ILO estimate)",61.377,62.21,62.124,62.275,58.477,54.732,54.182,53.665,52.51,53.585,55.621,54.547,53.028,54.852,55.723,56.292,56.927,56.572,55.631,53.747,54.073,53.031,49.802,49.153,51.365,51.024,51.911,48.234,45.738,44.662,45.917,47.179,47.64,,,
West Bank and Gaza,PSE,"Employment to population ratio, 15+, total (%) (modeled ILO estimate)",36.706,36.459,36.411,36.345,36.257,36.419,36.119,35.706,35.544,35.977,28.754,26.045,29.843,29.349,30.907,31.285,32.62,30.354,31.445,31.431,34.084,33.676,33.485,33.473,33.852,33.291,32.705,32.043,33.053,30.336,31.922,34.004,..,,,
Zambia,ZMB,"Employment to population ratio, 15+, total (%) (modeled ILO estimate)",48.612,48.208,48.102,48.73,49.827,50.75,51.941,52.711,52.397,52.104,51.754,51.265,50.868,50.446,50.06,51.6,53.135,54.642,53.011,51.411,52.928,54.468,54.748,55.073,55.349,55.655,55.955,55.538,56.239,57.2,56.993,55.963,55.91,,,
Zimbabwe,ZWE,"Employment to population ratio, 15+, total (%) (modeled ILO estimate)",63.895,63.868,63.919,63.802,63.179,62.494,61.683,61.762,61.789,61.839,61.972,62.137,62.348,62.633,62.549,62.499,62.382,62.213,62.249,62.367,62.524,62.822,62.967,63.091,62.658,62.251,61.851,61.442,60.944,59.18,59.159,58.636,59.308,,,
Africa Eastern and Southern,AFE,"Employment to population ratio, 15+, total (%) (modeled ILO estimate)",66.27544051,66.30118923,66.2961184,66.46510339,66.76054092,66.84712172,66.83900713,66.75902746,66.66044083,66.6528602,66.6776897,66.69765986,66.72998488,66.8321555,66.93894336,66.828784,66.66616451,66.47394911,66.05730367,65.24841668,65.65404676,65.78430549,65.88321038,65.0930668,64.72302279,64.16390637,63.46781312,63.07694337,62.6086596,60.86077151,61.06611541,61.65677887,63.89668598,,,
Africa Western and Central,AFW,"Employment to population ratio, 15+, total (%) (modeled ILO estimate)",73.42972491,73.25917728,73.20411453,73.19905328,73.16342472,73.10157253,73.04418062,72.96523455,72.79548713,72.65574137,72.58113243,72.44068838,72.33667632,72.21012602,72.02956736,71.95728425,71.78205854,71.47872994,71.13108618,70.81826382,70.61636407,70.34149083,70.20292976,69.72199179,69.26114315,69.2147709,68.69164576,68.43969328,68.19444522,67.36737982,67.5488954,68.3240074,69.0758712,,,
Arab World,ARB,"Employment to population ratio, 15+, total (%) (modeled ILO estimate)",41.94580164,41.97700598,41.80802033,41.91952917,41.47705158,41.80214122,41.84263765,41.63506344,41.88954822,41.34841201,40.8928479,40.29087602,40.42519906,41.02498829,41.26784987,41.81004663,42.24184034,42.31602905,42.61125009,42.97560028,42.44001283,42.01863488,42.08961759,42.09515064,41.60922888,41.70329677,40.86659139,40.61403992,40.58596459,39.12689695,39.52340009,40.25662462,41.08154919,,,
Caribbean small states,CSS,"Employment to population ratio, 15+, total (%) (modeled ILO estimate)",51.3956077,51.26102214,51.72539176,51.974782,53.04428108,52.92354409,52.91583636,52.98393332,52.96291985,53.29547716,53.36150064,53.04443747,52.98859452,53.58423235,53.90488883,54.67611595,55.02179008,55.10067876,54.14272715,54.16845822,54.04731984,54.07446795,53.9887609,54.1289058,54.55322285,54.7698123,55.10668068,55.36212953,54.88513269,50.55898948,51.76686017,53.14147041,53.58629551,,,
Central Europe and the Baltics,CEB,"Employment to population ratio, 15+, total (%) (modeled ILO estimate)",52.0848243,51.51707958,50.2970309,50.01005312,49.85930203,49.93742202,50.13876331,50.07824066,49.06546699,48.21344445,47.56738958,46.91181921,47.09249008,47.19498466,47.7472887,48.6006932,49.90324719,50.88934909,49.32128715,49.29995046,49.30891306,49.50359471,49.65302072,50.77016274,51.61708659,52.45537986,53.66137029,54.30952347,54.68321221,54.17856042,54.71544955,55.45174216,55.49753101,,,
Early-demographic dividend,EAR,"Employment to population ratio, 15+, total (%) (modeled ILO estimate)",54.83924253,54.87106608,54.65784142,54.75523278,54.65122558,54.89141064,55.11264158,55.21467591,55.24677498,55.2584488,54.99698588,54.56098571,54.5325239,54.56962962,54.4667054,54.20128888,54.00864214,53.57071507,53.16689505,52.98727179,52.80737854,52.56963017,52.42804889,52.2792688,52.11277136,52.02512852,51.93959338,51.84473282,52.04181585,50.19384889,51.23815183,52.69600204,53.42372168,,,
East Asia & Pacific,EAS,"Employment to population ratio, 15+, total (%) (modeled ILO estimate)",72.5515243,72.30127849,71.71381466,71.32327552,70.96768228,70.587552,70.15238781,69.56305403,69.08757594,68.83548718,68.32398932,67.7472995,67.30852923,67.1525215,66.82138414,66.68418849,66.72537725,66.45274859,66.15379681,66.13557763,66.24320306,66.02867253,65.66013319,65.53936705,65.25665954,65.01116152,64.72790349,64.67793525,64.41441155,62.86500381,63.48205681,63.12843847,63.3003005,,,
East Asia & Pacific (excluding high income),EAP,"Employment to population ratio, 15+, total (%) (modeled ILO estimate)",74.35932733,74.05841737,73.42607098,72.95689644,72.53886977,72.09942636,71.57190309,71.08109112,70.58863581,70.25726694,69.70726399,69.09180873,68.61981716,68.39563957,67.97639991,67.78083745,67.79489554,67.51030387,67.29332304,67.27360338,67.36067841,67.10694424,66.64864704,66.45092095,66.10599285,65.78120566,65.39924019,65.25445803,64.90043662,63.2333265,63.87493109,63.37094027,63.52088619,,,
East Asia & Pacific (IDA & IBRD countries),TEA,"Employment to population ratio, 15+, total (%) (modeled ILO estimate)",74.28505144,73.97799142,73.33644323,72.86121937,72.43661115,71.9911042,71.45626974,70.9614871,70.46674434,70.13171921,69.57645836,68.95396896,68.4773433,68.25097912,67.82755537,67.62946383,67.643523,67.35545544,67.13538909,67.11455588,67.20373197,66.9472763,66.48340608,66.28276367,65.93316317,65.60552269,65.21692927,65.0684146,64.71053689,63.04002696,63.69034401,63.16378193,63.31670081,,,
Euro area,EMU,"Employment to population ratio, 15+, total (%) (modeled ILO estimate)",51.09128479,50.28108901,49.04905591,48.41805979,48.38734189,48.37602145,48.41711339,48.81243523,49.45070181,50.04811808,50.45574651,50.62265298,50.76838483,50.73473286,51.13131112,51.81194492,52.41463855,52.59679394,51.31806849,50.9518048,50.87538121,50.43777954,50.05682491,50.16226031,50.51646888,51.05224901,51.6820374,52.27214614,52.7138035,51.74737029,52.28032225,53.3429382,53.61506789,,,
Europe & Central Asia,ECS,"Employment to population ratio, 15+, total (%) (modeled ILO estimate)",55.30197577,54.56987547,53.1816439,52.35058487,51.93985729,51.56354493,51.10043204,50.87768557,51.4967939,51.85753962,51.90029224,51.97604969,51.89452604,51.85103182,52.21321751,52.64904864,53.32130237,53.57969142,52.44322127,52.50717141,52.78136079,52.77965913,52.69543314,52.87411798,53.15147195,53.56718538,53.98123413,54.39601151,54.44891216,53.38248488,53.93356545,55.12599963,55.31392089,,,
Europe & Central Asia (excluding high income),ECA,"Employment to population ratio, 15+, total (%) (modeled ILO estimate)",57.32786728,56.74255702,55.39868757,55.33983195,54.29759568,53.1852292,52.60978277,51.98426737,51.63408687,51.15834404,51.02642011,50.74114907,50.47792836,49.73315025,49.864337,49.90731696,50.15065944,50.21686812,49.5669816,50.15561525,50.88916716,51.01621387,51.21899737,50.96104627,51.21419306,51.43395026,51.65665077,51.91699758,51.53020921,49.87182066,50.61387267,52.35054157,52.58780284,,,
Europe & Central Asia (IDA & IBRD countries),TEC,"Employment to population ratio, 15+, total (%) (modeled ILO estimate)",58.12389533,57.54079121,55.95691953,54.7181078,53.77860199,52.90028293,51.79098927,50.92794627,51.56509893,51.71522168,51.39743814,51.39866085,51.13343835,51.09194526,51.51453879,51.79857643,52.66423254,53.04293348,52.08633523,52.6287564,53.20421899,53.50188951,53.54039291,53.61043922,53.73534656,53.98718911,54.24950486,54.52188425,54.22353467,52.98267705,53.79831993,55.22796355,55.40855123,,,
European Union,EUU,"Employment to population ratio, 15+, total (%) (modeled ILO estimate)",51.41702658,50.65840333,49.46965038,48.95462717,48.96194547,48.95744689,49.03075504,49.33967666,49.66160632,49.98572074,50.16803866,50.11444043,50.22716713,50.20572412,50.62607568,51.33110728,52.07768082,52.43127454,51.11873551,50.87773949,50.82276934,50.51706148,50.25651484,50.55173993,51.01192518,51.60169634,52.33512594,52.91338924,53.32742622,52.45761857,52.97357189,53.95654312,54.17772864,,,
Fragile and conflict affected situations,FCS,"Employment to population ratio, 15+, total (%) (modeled ILO estimate)",65.67410792,65.65619005,65.57203786,65.44186005,65.11615243,64.90534598,64.80752826,64.60156919,64.40193897,64.34728048,64.2702379,64.04424957,63.94865984,63.9168695,63.98530144,63.87117242,63.72862471,63.46108709,63.18312268,62.90635563,62.75388423,62.37053811,62.22812236,61.85522637,61.37851084,60.96453133,60.38585647,60.0152867,59.4232079,57.82737738,57.48596962,58.61547414,60.38590026,,,
Heavily indebted poor countries (HIPC),HPC,"Employment to population ratio, 15+, total (%) (modeled ILO estimate)",68.22180094,68.13619409,68.04018254,68.05395794,68.20751456,68.19350096,68.17957993,68.07282355,67.90091884,67.80440505,67.81290581,67.78258531,67.74018204,67.77326851,67.80163529,67.63549667,67.42084368,67.1313111,66.81126045,66.36827754,66.40030945,66.32768856,66.33229824,65.47553622,64.81131886,64.34224039,63.6549852,63.445019,63.1167399,61.39228591,61.81586569,62.15454022,63.73529796,,,
High income,HIC,"Employment to population ratio, 15+, total (%) (modeled ILO estimate)",57.09297136,56.61885576,55.86753409,55.52195786,55.53018405,55.49399826,55.43601809,55.21421818,55.66230762,56.10674495,55.91719585,55.72851849,55.58242455,55.765206,56.13545825,56.6112202,57.08668229,57.08952446,55.56391662,55.41133448,55.59727507,55.77267238,55.82511054,56.22046791,56.54244127,56.97912671,57.40391496,57.87131267,58.19280309,56.41802935,57.23428409,58.27760053,58.55278274,,,
IBRD only,IBD,"Employment to population ratio, 15+, total (%) (modeled ILO estimate)",63.56054681,63.34467975,62.86131347,62.46736925,62.11006745,61.79618943,61.5558146,61.2530481,61.09156444,60.95528011,60.62052639,60.21921254,59.99257606,59.99835275,59.91146791,59.72434516,59.63444093,59.30385902,58.78936522,58.56407931,58.44698741,58.22499991,57.92258278,57.73571576,57.49087311,57.21061118,56.9611894,56.82037298,56.7346973,54.68078745,55.92516442,56.62881782,57.15246995,,,
IDA & IBRD total,IBT,"Employment to population ratio, 15+, total (%) (modeled ILO estimate)",63.48135873,63.29467094,62.88011751,62.56244037,62.2574051,62.01811976,61.84143705,61.59357373,61.45067967,61.3316361,61.04810276,60.70695169,60.5159729,60.52088333,60.43854441,60.26936576,60.16588029,59.85489298,59.42633395,59.25119352,59.14507662,58.89593753,58.66333623,58.44408965,58.18352173,57.92855429,57.67527733,57.52691012,57.42649872,55.60072972,56.62304634,57.30674232,57.90376692,,,
IDA blend,IDB,"Employment to population ratio, 15+, total (%) (modeled ILO estimate)",63.78529758,63.83817835,63.59536746,63.57573959,63.25995151,63.47096482,63.77416433,63.5783738,63.64023072,63.73661874,63.70119964,63.64335747,63.68135441,63.67302008,63.43623179,63.2288875,63.1601028,62.93714991,62.87836505,62.84943935,62.69485153,62.22188691,62.49599561,62.47731173,62.47832362,62.61275372,61.99009179,61.40640812,61.22734259,60.59403233,61.11722519,61.76966931,62.47599602,,,
IDA only,IDX,"Employment to population ratio, 15+, total (%) (modeled ILO estimate)",62.77903087,62.68215472,62.65945685,62.71258729,62.75770536,62.78640652,62.78383671,62.85496196,62.71244047,62.57718654,62.47776683,62.35704412,62.25177302,62.22867079,62.22278967,62.1497673,61.90246334,61.62257622,61.47656471,61.47344429,61.40491365,61.06682032,60.93715218,60.39012693,59.86621641,59.50924391,59.37123733,59.34805594,59.15606607,57.85883,57.92785578,58.44014665,59.34574561,,,
IDA total,IDA,"Employment to population ratio, 15+, total (%) (modeled ILO estimate)",63.11000431,63.06220089,62.9666851,62.99574603,62.92249706,63.01144371,63.11012233,63.0937189,63.01905026,62.96122649,62.88427682,62.78511081,62.72812105,62.71110647,62.62898928,62.51157506,62.32513644,62.06550647,61.94977266,61.9385537,61.84095588,61.45684105,61.46307224,61.09320296,60.74409553,60.54881675,60.24602565,60.03416993,59.84490872,58.76685341,58.98570578,59.54334083,60.40779111,,,
Late-demographic dividend,LTE,"Employment to population ratio, 15+, total (%) (modeled ILO estimate)",71.15895356,70.81420296,70.22339178,69.4921326,69.04042194,68.38881628,67.82056603,67.24101302,66.94539168,66.72405821,66.37627055,66.07870373,65.6913211,65.68088589,65.63088946,65.59564807,65.62889063,65.48604342,65.05538981,65.01083546,65.04653552,64.82898421,64.51608651,64.38365637,64.09775072,63.69460412,63.37583341,63.21610035,62.81157699,60.85320567,62.01703463,61.62902466,61.80970009,,,
Latin America & Caribbean,LCN,"Employment to population ratio, 15+, total (%) (modeled ILO estimate)",57.90409306,58.19051908,58.68371396,58.53578952,57.98516902,57.32819882,58.11066028,58.03877332,57.4297541,57.27306603,57.5670298,57.39943695,57.68486907,58.43918257,59.0737771,59.65258257,59.76182138,59.92436416,59.48618025,59.4298476,59.43076206,59.74736651,59.52701463,59.3930425,59.1876013,58.44811476,58.36028054,58.49868933,58.59790433,53.50103534,56.21359067,58.46550373,58.80770735,,,
Latin America & Caribbean (excluding high income),LAC,"Employment to population ratio, 15+, total (%) (modeled ILO estimate)",58.47880941,58.67056901,59.15406654,59.05063388,58.41317479,57.75415018,58.57362871,58.46791723,58.00650258,57.82341635,58.14252815,58.11735605,58.45830671,59.15272694,59.64662129,60.12921297,60.18338346,60.30499381,59.90904677,59.76981315,59.70384222,60.04123184,59.83062111,59.67216988,59.43799577,58.61653372,58.55695017,58.77890683,59.03318749,53.94856796,56.84694259,59.11111437,59.44311115,,,
Latin America & the Caribbean (IDA & IBRD countries),TLA,"Employment to population ratio, 15+, total (%) (modeled ILO estimate)",58.36111382,58.67000888,59.17837209,59.00031277,58.40894284,57.69567981,58.48214441,58.38590233,57.73962536,57.56088627,57.84536041,57.6626403,57.93965407,58.70431312,59.35091901,59.94066395,60.05316637,60.22464481,59.76618032,59.74039414,59.75057053,60.07057775,59.83670921,59.68397075,59.45562811,58.68634295,58.58541411,58.71795631,58.82020525,53.66011421,56.43747886,58.70249908,59.05536061,,,
Least developed countries: UN classification,LDC,"Employment to population ratio, 15+, total (%) (modeled ILO estimate)",63.55750314,63.54934866,63.51639881,63.56966754,63.70218073,63.74231713,63.74559751,63.69550488,63.61267349,63.53887244,63.48393116,63.38362529,63.27520942,63.25510406,63.23167569,63.15807484,62.97553857,62.74127407,62.5907763,62.57808668,62.4840918,62.24442558,61.98459956,61.34490168,60.69122051,60.24591692,60.08424919,60.13431922,59.98169487,58.74419481,58.81606143,59.36326458,60.49916231,,,
Low & middle income,LMY,"Employment to population ratio, 15+, total (%) (modeled ILO estimate)",63.91722783,63.73623082,63.39485011,63.19615959,62.91466569,62.70121397,62.59169418,62.37803671,62.15210638,61.97704781,61.68983325,61.32008694,61.1280547,61.07928331,60.92889951,60.70255507,60.5102079,60.13732237,59.75021611,59.52706968,59.38527915,59.09790133,58.85978441,58.6103535,58.33646402,58.05572966,57.78166517,57.62120942,57.53667571,55.70277779,56.72144522,57.40328304,58.02848157,,,
Low income,LIC,"Employment to population ratio, 15+, total (%) (modeled ILO estimate)",67.52341052,67.46500024,67.34523179,67.27899097,67.35314541,67.31583909,67.24856821,67.11335837,66.97521126,66.85153861,66.71002391,66.55311372,66.40178456,66.33341844,66.23969646,65.86214965,65.43128945,65.00489168,64.80406989,64.42817157,64.53673349,64.16324242,64.11092191,63.26367333,62.37433646,61.68799477,60.95967099,60.66607883,60.24414531,58.64304437,58.59112459,59.00684349,60.7849501,,,
Lower middle income,LMC,"Employment to population ratio, 15+, total (%) (modeled ILO estimate)",56.82852976,56.84288788,56.80852736,56.91014022,57.00575046,57.24336374,57.37535863,57.51409347,57.67307638,57.72145375,57.61100659,57.4004245,57.33025683,57.32282649,57.26634922,56.87044516,56.50089074,55.99493766,55.58781518,55.32329607,54.91278835,54.42347444,54.34529697,54.24579498,54.07441811,53.99882984,53.75040752,53.61377463,53.78477128,52.4488711,53.55368854,54.9640261,55.80981473,,,
Middle East & North Africa,MEA,"Employment to population ratio, 15+, total (%) (modeled ILO estimate)",42.39697025,42.3465358,42.13691309,42.19222487,41.73991692,41.93431958,41.88224364,41.62779942,41.79738571,41.33333159,40.91664422,40.38804438,40.71583766,41.48942774,41.70764683,42.06464846,42.38180461,42.08426841,42.23515482,42.36928841,41.79940883,41.76482389,41.919912,41.9423842,41.72978075,41.98407472,41.55068263,41.43467607,41.53555262,39.93557659,40.31769955,40.91240482,41.10888605,,,
Middle East & North Africa (excluding high income),MNA,"Employment to population ratio, 15+, total (%) (modeled ILO estimate)",41.22348662,41.11283013,40.80401238,40.78300491,40.24504855,40.46459309,40.43465368,40.17546211,40.3560447,39.76488563,39.31123683,38.74847161,39.08871783,39.91164195,40.07329937,40.36122612,40.52072565,39.96988772,40.06320204,40.05345792,39.16482271,38.77015298,38.66319802,38.47429237,37.92970864,38.00621295,37.62132557,37.49635338,37.52639403,35.89924344,36.34047282,36.70293041,36.70133894,,,
Middle East & North Africa (IDA & IBRD countries),TMN,"Employment to population ratio, 15+, total (%) (modeled ILO estimate)",41.25841107,41.14938731,40.83920703,40.8192586,40.27816638,40.49875665,40.47171791,40.21374192,40.3971663,39.7972131,39.40133346,38.85733683,39.16841781,40.00314997,40.15321794,40.44098981,40.59089475,40.05662706,40.14214283,40.13352996,39.21262939,38.81869827,38.71314065,38.5231149,37.96997709,38.05322988,37.67058582,37.55143747,37.5719188,35.95640458,36.38634231,36.73117849,36.70133894,,,
Middle income,MIC,"Employment to population ratio, 15+, total (%) (modeled ILO estimate)",63.67875879,63.48777972,63.12935162,62.91971363,62.61208657,62.38514619,62.27180559,62.05121412,61.8169992,61.63646034,61.33687452,60.94882545,60.75010171,60.69905923,60.54053797,60.32029157,60.14011596,59.76590092,59.35890975,59.14175943,58.97395031,58.68765825,58.42936005,58.22444321,57.9970915,57.74551479,57.50537749,57.35140432,57.29192077,55.43168979,56.5457249,57.24839168,57.77556689,,,
North America,NAC,"Employment to population ratio, 15+, total (%) (modeled ILO estimate)",60.46040795,60.11904593,60.32842492,61.1214798,61.53404997,61.77186833,62.35534494,62.65993758,62.9560091,63.23786394,62.53927776,61.74308307,61.38612103,61.49115518,61.79052328,62.19579231,62.0904033,61.41086606,58.70589905,57.96957726,57.97836605,58.3903585,58.48848753,58.88392539,59.22026224,59.55972686,60.00519706,60.31749263,60.70307547,56.73641555,58.43112217,59.78175217,60.04024886,,,
OECD members,OED,"Employment to population ratio, 15+, total (%) (modeled ILO estimate)",56.48658279,56.07601652,55.49127521,55.59381178,55.67120406,55.78463645,56.10214241,56.03904053,56.04965581,56.23290717,56.09282728,55.68142688,55.55404468,55.49970803,55.87533278,56.32182768,56.57341553,56.45988621,55.05484879,54.85142483,55.06450539,55.21575613,55.23722636,55.50472098,55.85615013,56.24275547,56.71011054,57.14169333,57.36426364,55.00795259,56.1975891,57.40928424,57.80431006,,,
Other small states,OSS,"Employment to population ratio, 15+, total (%) (modeled ILO estimate)",55.01716719,54.27411963,53.5254558,53.41682075,53.0716055,52.86020622,52.73767416,52.59817431,51.86332319,51.54231611,51.44059638,51.74618729,52.19021276,52.03672045,52.20320132,53.0216163,53.46218035,53.70752636,52.79129059,52.81169361,52.9000471,52.93019102,53.05431903,53.30056156,53.78887868,54.09770169,54.62860132,54.92733183,55.36256422,53.44167424,53.59093494,54.57254121,54.92754628,,,
Pacific island small states,PSS,"Employment to population ratio, 15+, total (%) (modeled ILO estimate)",63.1950522,63.22109848,63.29286908,63.38089087,63.3176243,63.3232635,63.27651325,63.22632982,63.23077298,63.29126876,63.29180046,63.26725152,63.27577053,63.32928035,62.94523309,63.51262299,63.81730629,64.08354007,64.33406087,64.52991245,65.05077801,64.40849311,63.89118528,63.35417437,63.1474,62.89196742,62.90655161,62.82347018,62.73437877,62.04534614,62.11388367,62.58534612,62.68320018,,,
Post-demographic dividend,PST,"Employment to population ratio, 15+, total (%) (modeled ILO estimate)",56.73433138,56.23805678,55.68111502,55.7331476,55.76289955,55.76932898,56.02831494,55.92875196,56.16857839,56.55363323,56.49014211,56.26306432,56.16782019,56.25610789,56.55139867,56.98084982,57.26025461,57.11657447,55.56059512,55.16526424,55.20047526,55.22443395,55.24667455,55.54088714,55.8787708,56.30154809,56.80306793,57.30474004,57.71484017,55.83214128,56.56438979,57.94267532,58.19259083,,,
Pre-demographic dividend,PRE,"Employment to population ratio, 15+, total (%) (modeled ILO estimate)",68.88375107,68.81629542,68.70339385,68.68536663,68.77230453,68.82474871,68.84934132,68.82162235,68.75769642,68.69134959,68.64612677,68.5344432,68.45234873,68.4058935,68.32501241,68.1687981,68.0058997,67.71550444,67.37225541,66.9193533,66.88596066,66.75798495,66.66550003,66.11733899,65.77112007,65.53876497,64.79541287,64.55868637,64.3223954,63.11425029,63.67004639,64.23450831,66.10043026,,,
Small states,SST,"Employment to population ratio, 15+, total (%) (modeled ILO estimate)",55.29670909,54.73949695,54.28233862,54.25920561,54.18105371,54.01051512,53.91725825,53.8241853,53.29617021,53.13124047,53.06147442,53.22204633,53.53318375,53.51581368,53.64007402,54.41656137,54.81928674,55.03337796,54.22602432,54.26217856,54.37263602,54.33258692,54.35607716,54.50130698,54.90409582,55.13710486,55.58104489,55.83362459,56.07809377,53.93463236,54.23391466,55.22083405,55.56315805,,,
South Asia,SAS,"Employment to population ratio, 15+, total (%) (modeled ILO estimate)",52.87704838,52.87616403,52.85366176,52.94116942,53.10117703,53.46751145,53.77085627,54.0424154,54.29140632,54.53197416,54.39109703,54.20042694,54.10909467,54.02554727,53.91268609,53.2438256,52.58256107,51.88962395,51.27825146,50.81816961,50.29188578,49.64930587,49.54038147,49.42245894,49.31220195,49.19731627,49.15725815,48.91585375,49.27214603,48.03545107,49.50618667,50.95621514,52.01084281,,,
South Asia (IDA & IBRD),TSA,"Employment to population ratio, 15+, total (%) (modeled ILO estimate)",52.87704838,52.87616403,52.85366176,52.94116942,53.10117703,53.46751145,53.77085627,54.0424154,54.29140632,54.53197416,54.39109703,54.20042694,54.10909467,54.02554727,53.91268609,53.2438256,52.58256107,51.88962395,51.27825146,50.81816961,50.29188578,49.64930587,49.54038147,49.42245894,49.31220195,49.19731627,49.15725815,48.91585375,49.27214603,48.03545107,49.50618667,50.95621514,52.01084281,,,
Sub-Saharan Africa,SSF,"Employment to population ratio, 15+, total (%) (modeled ILO estimate)",69.136814,69.08863491,69.06564485,69.16639836,69.33449361,69.36913944,69.34862222,69.27290181,69.14661573,69.08622422,69.07121316,69.02632556,69.00377788,69.01359164,69.00409468,68.90899193,68.74045434,68.5026384,68.11329538,67.50379842,67.66218899,67.62650111,67.62643167,66.95841488,66.54885462,66.1945856,65.56670216,65.22780904,64.84505346,63.46222719,63.65602033,64.31957023,66.05285562,,,
Sub-Saharan Africa (excluding high income),SSA,"Employment to population ratio, 15+, total (%) (modeled ILO estimate)",69.136814,69.08863491,69.06564485,69.16639836,69.33449361,69.36913944,69.34862222,69.27290181,69.14661573,69.08622422,69.07121316,69.02632556,69.00377788,69.01359164,69.00409468,68.90899193,68.74045434,68.5026384,68.11329538,67.50379842,67.66218899,67.62650111,67.62643167,66.95841488,66.54885462,66.1945856,65.56670216,65.22780904,64.84505346,63.46222719,63.65602033,64.31957023,66.05285562,,,
Sub-Saharan Africa (IDA & IBRD countries),TSS,"Employment to population ratio, 15+, total (%) (modeled ILO estimate)",69.136814,69.08863491,69.06564485,69.16639836,69.33449361,69.36913944,69.34862222,69.27290181,69.14661573,69.08622422,69.07121316,69.02632556,69.00377788,69.01359164,69.00409468,68.90899193,68.74045434,68.5026384,68.11329538,67.50379842,67.66218899,67.62650111,67.62643167,66.95841488,66.54885462,66.1945856,65.56670216,65.22780904,64.84505346,63.46222719,63.65602033,64.31957023,66.05285562,,,
Upper middle income,UMC,"Employment to population ratio, 15+, total (%) (modeled ILO estimate)",68.59521313,68.29424297,67.74206407,67.34359289,66.77338724,66.23162168,65.96070566,65.49527466,64.9883063,64.65634397,64.23175658,63.72215323,63.43843879,63.36983272,63.14601939,63.08654656,63.08894018,62.85364574,62.48002881,62.33783115,62.41108397,62.33467063,61.95836957,61.70016887,61.46065969,61.08964257,60.89325277,60.75821635,60.52015223,58.20522834,59.3546666,59.44905733,59.68389227,,,
World,WLD,"Employment to population ratio, 15+, total (%) (modeled ILO estimate)",62.12788776,61.89311057,61.46769635,61.24553566,61.05278056,60.89848189,60.82306339,60.62660996,60.57133926,60.5616627,60.3156617,59.99337745,59.82188993,59.84597346,59.83760925,59.78525233,59.74999961,59.46881386,58.84006125,58.63806026,58.57484864,58.392106,58.21715229,58.10824634,57.96247545,57.83349941,57.70122956,57.66234759,57.64819239,55.81824081,56.79365604,57.54882738,58.10386806,,,
,,,,,,,,,,,,,,,,,,,,,,,,,,,,,,,,,,,,,,
,,,,,,,,,,,,,,,,,,,,,,,,,,,,,,,,,,,,,,
,,,,,,,,,,,,,,,,,,,,,,,,,,,,,,,,,,,,,,
Data from database: World Development Indicators,,,,,,,,,,,,,,,,,,,,,,,,,,,,,,,,,,,,,,
Last Updated: 01/28/2025,,,,,,,,,,,,,,,,,,,,,,,,,,,,,,,,,,,,,,