iso code,country,variable code,variable name,1991,1992,1993,1994,1995,1996,1997,1998,1999,2000,2001,2002,2003,2004,2005,2006,2007,2008,2009,2010,2011,2012,2013,2014,2015,2016,2017,2018,2019,2020,2021,2022,2023
ABW,Aruba,labsh,Share of labour compensation in GDP at current national prices,0.648357033729553,0.648357033729553,0.648357033729553,0.648357033729553,0.648357033729553,0.637259483337402,0.634907245635986,0.638231813907623,0.655210614204407,0.645106136798859,0.645106136798859,0.645106136798859,0.645106136798859,0.645106136798859,0.645106136798859,0.645106136798859,0.645106136798859,0.645106136798859,0.645106136798859,0.645106136798859,0.645106136798859,0.645106136798859,0.645106136798859,0.645106136798859,0.645106136798859,0.645106136798859,0.645106136798859,0.645106136798859,0.645106136798859,0.644746774963558,0.644719509244553,0.644692243525548,0.644664977806543
AGO,Angola,labsh,Share of labour compensation in GDP at current national prices,0.284384667873383,0.284384667873383,0.284384667873383,0.284384667873383,0.284384667873383,0.284384667873383,0.284384667873383,0.284384667873383,0.284384667873383,0.284384667873383,0.284384667873383,0.284384667873383,0.291652709245682,0.275552868843079,0.231606543064117,0.237113997340202,0.242621317505837,0.255717515945435,0.360010325908661,0.300494611263275,0.287627995014191,0.282354950904846,0.280896753072739,0.28877466917038,0.349127531051636,0.343024909496307,0.346370577812195,0.331142336130142,0.331142336130142,0.3169910661472475,0.3187034637469961,0.32041586134674516,0.3221282589464938
ARG,Argentina,labsh,Share of labour compensation in GDP at current national prices,0.441023617982864,0.441023617982864,0.441023617982864,0.431845158338547,0.393929451704025,0.366972714662552,0.356873691082001,0.36957648396492,0.391513794660568,0.391106188297272,0.399784564971924,0.317552953958511,0.310135722160339,0.324794858694077,0.338950276374817,0.355539232492447,0.364846795797348,0.403679102659225,0.443854510784149,0.44069242477417,0.473123997449875,0.520179331302643,0.543917655944824,0.543917655944824,0.543917655944824,0.543917655944824,0.543917655944824,0.543917655944824,0.543917655944824,0.5220673906392097,0.5280777553032205,0.5340881199672332,0.540098484631244
ARM,Armenia,labsh,Share of labour compensation in GDP at current national prices,0.74037629365921,0.719028115272522,0.74037629365921,0.74037629365921,0.74037629365921,0.74037629365921,0.726956963539124,0.745937824249268,0.715652108192444,0.681093335151672,0.698984146118164,0.657670617103577,0.641331493854523,0.637955367565155,0.602977097034454,0.59388279914856,0.587402939796448,0.565523266792297,0.579101920127869,0.568248867988586,0.591894030570984,0.581522583961487,0.585155487060547,0.579614102840424,0.573068022727966,0.564273953437805,0.548671960830689,0.548671960830689,0.548671960830689,0.515675889741015,0.5074217021758862,0.4991675146107539,0.49091332704562163
AUS,Australia,labsh,Share of labour compensation in GDP at current national prices,0.617311120033264,0.607275784015656,0.601339638233185,0.604075372219086,0.607523500919342,0.617958426475525,0.611847579479218,0.613369345664978,0.605032026767731,0.60654604434967,0.608154714107513,0.600817263126373,0.60151207447052,0.603244006633759,0.593034625053406,0.588050246238709,0.593336462974548,0.569114029407501,0.577103137969971,0.574954748153687,0.575421273708344,0.582465291023254,0.582097172737122,0.596026003360748,0.604028284549713,0.583876967430115,0.579755961894989,0.571645140647888,0.571645140647888,0.5736681296320381,0.572260806360855,0.5708534830896719,0.5694461598184892
AUT,Austria,labsh,Share of labour compensation in GDP at current national prices,0.632960438728333,0.632960438728333,0.632960438728333,0.632960438728333,0.632960438728333,0.621577680110931,0.611112892627716,0.607895135879517,0.607916057109833,0.596380054950714,0.588483393192291,0.584004878997803,0.583080470561981,0.572628557682037,0.563615024089813,0.556628346443176,0.550686657428742,0.562085688114166,0.579667806625366,0.576476156711578,0.571340143680573,0.579930365085602,0.584707736968994,0.58194237947464,0.578767776489258,0.579816699028015,0.58076423406601,0.583859503269196,0.583859503269196,0.5593575444714762,0.5572180949408425,0.5550786454102079,0.5529391958795733
AZE,Azerbaijan,labsh,Share of labour compensation in GDP at current national prices,0.569162964820862,0.569162964820862,0.569162964820862,0.569162964820862,0.513965487480164,0.483230710029602,0.428940892219543,0.389421045780182,0.408844590187073,0.401025891304016,0.377947062253952,0.37708979845047,0.379396855831146,0.385607898235321,0.341989487409592,0.255406320095062,0.231887400150299,0.211646258831024,0.254765182733536,0.231420874595642,0.212007343769074,0.229080632328987,0.242707118391991,0.250552535057068,0.288774907588959,0.272133499383926,0.254187077283859,0.254187077283859,0.254187077283859,0.16019667050079534,0.147411954549721,0.13462723859864312,0.12184252264756879
BDI,Burundi,labsh,Share of labour compensation in GDP at current national prices,0.733962833881378,0.741343975067139,0.748725056648254,0.756106197834015,0.763487339019775,0.770868480205536,0.778249621391296,0.785630762577057,0.793011903762817,0.800393044948578,0.807774126529694,0.815155267715454,0.822536408901215,0.829917550086975,0.837298691272736,0.618850827217102,0.614920377731323,0.606218218803406,0.606218218803406,0.606218218803406,0.606218218803406,0.606218218803406,0.606218218803406,0.606218218803406,0.606218218803406,0.606218218803406,0.606218218803406,0.606218218803406,0.606218218803406,0.5760473653013456,0.5678002905963062,0.5595532158912668,0.5513061411862274
BEL,Belgium,labsh,Share of labour compensation in GDP at current national prices,0.632270753383637,0.629504323005676,0.634596765041351,0.62539678812027,0.617202520370483,0.6217400431633,0.619153320789337,0.616947174072266,0.624352931976318,0.616643667221069,0.627343952655792,0.631530225276947,0.624384045600891,0.609806954860687,0.602968096733093,0.603291273117065,0.60006719827652,0.618209302425385,0.630932033061981,0.613814055919647,0.618337213993073,0.623317241668701,0.62487530708313,0.617005169391632,0.601801156997681,0.593992829322815,0.593288838863373,0.594810962677002,0.594810962677002,0.6007684071369357,0.5997566570202117,0.5987449069034874,0.5977331567867634
BEN,Benin,labsh,Share of labour compensation in GDP at current national prices,0.649636387825012,0.649636387825012,0.649636387825012,0.649636387825012,0.610204041004181,0.603259801864624,0.606281578540802,0.614448189735413,0.617155015468597,0.617155015468597,0.617155015468597,0.617155015468597,0.617155015468597,0.617155015468597,0.617155015468597,0.617155015468597,0.617155015468597,0.617155015468597,0.617155015468597,0.617155015468597,0.617155015468597,0.617155015468597,0.617155015468597,0.617155015468597,0.617155015468597,0.617155015468597,0.617155015468597,0.617155015468597,0.617155015468597,0.6106680364444323,0.6100160331561633,0.6093640298678942,0.6087120265796251
BFA,Burkina Faso,labsh,Share of labour compensation in GDP at current national prices,0.520249605178833,0.523195624351502,0.526141703128815,0.529087781906128,0.532033860683441,0.534979939460754,0.537925958633423,0.540872037410736,0.543818116188049,0.528272032737732,0.527124524116516,0.542445182800293,0.514073967933655,0.495177656412125,0.534475922584534,0.504200339317322,0.460064738988876,0.509588003158569,0.469325482845306,0.472821325063705,0.457031190395355,0.468167841434479,0.481261253356934,0.484082698822022,0.481170535087585,0.464038789272308,0.460928022861481,0.460928022861481,0.460928022861481,0.4557152914589837,0.4526149081772761,0.44951452489556853,0.44641414161386095
BGR,Bulgaria,labsh,Share of labour compensation in GDP at current national prices,0.409343987703323,0.409343987703323,0.409343987703323,0.409343987703323,0.409343987703323,0.386349529027939,0.500328540802002,0.46794918179512,0.536036193370819,0.504459321498871,0.477585703134537,0.45359468460083,0.467773497104645,0.464562922716141,0.467453539371491,0.463686436414719,0.46705025434494,0.497731387615204,0.472637832164764,0.480661898851395,0.468075096607208,0.480667293071747,0.513021945953369,0.521066009998322,0.512713372707367,0.523164212703705,0.513985455036163,0.527658760547638,0.527658760547638,0.530945113506812,0.5347492894222006,0.5385534653375901,0.5423576412529796
BHR,Bahrain,labsh,Share of labour compensation in GDP at current national prices,0.376267075538635,0.376267075538635,0.357918977737427,0.348360896110535,0.336979389190674,0.335175842046738,0.335175842046738,0.362986862659454,0.359848588705063,0.335175842046738,0.335175842046738,0.338973373174667,0.326704084873199,0.322468191385269,0.318232297897339,0.313996434211731,0.309760540723801,0.30552464723587,0.301288783550262,0.297052890062332,0.297052890062332,0.297052890062332,0.297052890062332,0.297052890062332,0.297052890062332,0.297052890062332,0.297052890062332,0.297052890062332,0.297052890062332,0.28022422380928624,0.2773729433567036,0.27452166290412094,0.2716703824515383
BHS,Bahamas,labsh,Share of labour compensation in GDP at current national prices,0.418358772993088,0.417975842952728,0.413287401199341,0.418358772993088,0.418358772993088,0.409882426261902,0.415181279182434,0.401689201593399,0.408206194639206,0.391577124595642,0.376865327358246,0.381021499633789,0.390356451272965,0.393155962228775,0.378183543682098,0.406311750411987,0.391525238752365,0.373286694288254,0.393413096666336,0.397210270166397,0.397210270166397,0.397210270166397,0.397210270166397,0.397210270166397,0.397210270166397,0.397210270166397,0.397210270166397,0.397210270166397,0.397210270166397,0.3880607057821568,0.3873357917874898,0.38661087779282277,0.38588596379815576
BIH,Bosnia and Herzegovina,labsh,Share of labour compensation in GDP at current national prices,0.638702690601349,0.638702690601349,0.638702690601349,0.638702690601349,0.638702690601349,0.638702690601349,0.638702690601349,0.638702690601349,0.638702690601349,0.638702690601349,0.638702690601349,0.638702690601349,0.638702690601349,0.638702690601349,0.638702690601349,0.648814499378204,0.654797434806824,0.664813280105591,0.680418372154236,0.671102285385132,0.671102285385132,0.671102285385132,0.671102285385132,0.671102285385132,0.671102285385132,0.671102285385132,0.671102285385132,0.671102285385132,0.671102285385132,0.67798538689543,0.6796432476325589,0.6813011083696874,0.6829589691068163
BLR,Belarus,labsh,Share of labour compensation in GDP at current national prices,0.433642387390137,0.461375772953033,0.588124692440033,0.514964997768402,0.510968625545502,0.525206506252289,0.50874650478363,0.552882254123688,0.548672199249268,0.555989146232605,0.591339886188507,0.586646914482117,0.554403007030487,0.552430272102356,0.569752812385559,0.579198062419891,0.567734301090241,0.545877993106842,0.577007651329041,0.597507297992706,0.50140392780304,0.539315700531006,0.625576674938202,0.605968296527863,0.592541456222534,0.592541456222534,0.592541456222534,0.592541456222534,0.592541456222534,0.6089964547180822,0.6124526708584161,0.6159088869987492,0.6193651031390832
BMU,Bermuda,labsh,Share of labour compensation in GDP at current national prices,0.51880818605423,0.51880818605423,0.51880818605423,0.51880818605423,0.51880818605423,0.51880818605423,0.514824509620667,0.521586120128632,0.50789749622345,0.548657357692719,0.569150924682617,0.57960432767868,0.57592236995697,0.581957757472992,0.602794051170349,0.585547089576721,0.598992764949799,0.592197477817535,0.607497990131378,0.605800032615662,0.607019245624542,0.612689554691315,0.604770243167877,0.605437874794006,0.611832737922669,0.595380485057831,0.596984803676605,0.588104128837585,0.588104128837585,0.6274341987858856,0.6312962428689595,0.6351582869520334,0.6390203310351072
BOL,Bolivia (Plurinational State of),labsh,Share of labour compensation in GDP at current national prices,0.548705637454987,0.559897422790527,0.560881853103638,0.556448459625244,0.538921713829041,0.554492294788361,0.549319803714752,0.518672049045563,0.53787636756897,0.560121417045593,0.558589637279511,0.547475278377533,0.545152485370636,0.524885714054108,0.514479339122772,0.47956445813179,0.471115469932556,0.451006352901459,0.476410746574402,0.450484544038773,0.455281734466553,0.455140918493271,0.459841638803482,0.472389847040176,0.498506903648376,0.498506903648376,0.498506903648376,0.498506903648376,0.498506903648376,0.4596523639603767,0.4561816256915394,0.45271088742270127,0.4492401491538631
BRA,Brazil,labsh,Share of labour compensation in GDP at current national prices,0.514605581760407,0.514605581760407,0.491567462682724,0.511684238910675,0.573397397994995,0.564224481582642,0.541115999221802,0.547279298305512,0.545117378234863,0.537806510925293,0.545147240161896,0.533069789409638,0.529577612876892,0.525227069854736,0.535445690155029,0.540471017360687,0.541516125202179,0.549669921398163,0.562466979026794,0.552456736564636,0.557016670703888,0.565820515155792,0.570314049720764,0.568103611469269,0.58119797706604,0.580193102359772,0.577995359897614,0.577995359897614,0.577995359897614,0.5803629575398186,0.5824720188021089,0.5845810800643991,0.5866901413266903
BRB,Barbados,labsh,Share of labour compensation in GDP at current national prices,0.750565946102142,0.750565946102142,0.750565946102142,0.750565946102142,0.750565946102142,0.750565946102142,0.750565946102142,0.750565946102142,0.750565946102142,0.750565946102142,0.750565946102142,0.750565946102142,0.750565946102142,0.750565946102142,0.750565946102142,0.750565946102142,0.750565946102142,0.750565946102142,0.750565946102142,0.750565946102142,0.750565946102142,0.750565946102142,0.750565946102142,0.750565946102142,0.750565946102142,0.750565946102142,0.750565946102142,0.750565946102142,0.750565946102142,0.7505659461021421,0.7505659461021421,0.7505659461021421,0.7505659461021421
BWA,Botswana,labsh,Share of labour compensation in GDP at current national prices,0.349185019731522,0.349185019731522,0.38288813829422,0.327377855777741,0.331589758396149,0.316365987062454,0.279382765293121,0.294239908456802,0.303253561258316,0.277960985898972,0.277960985898972,0.277960985898972,0.277960985898972,0.277960985898972,0.277960985898972,0.277960985898972,0.277960985898972,0.277960985898972,0.277960985898972,0.277960985898972,0.277960985898972,0.277960985898972,0.277960985898972,0.277960985898972,0.277960985898972,0.277960985898972,0.277960985898972,0.277960985898972,0.277960985898972,0.25675690313571664,0.25435060993791136,0.2519443167401052,0.24953802354229992
CAF,Central African Republic,labsh,Share of labour compensation in GDP at current national prices,0.231892436742783,0.231892436742783,0.231892436742783,0.231892436742783,0.231892436742783,0.231892436742783,0.231892436742783,0.231892436742783,0.231892436742783,0.231892436742783,0.231892436742783,0.231892436742783,0.231892436742783,0.231892436742783,0.231892436742783,0.164315789937973,0.164315789937973,0.164315789937973,0.164315789937973,0.164315789937973,0.164315789937973,0.164315789937973,0.164315789937973,0.164315789937973,0.164315789937973,0.164315789937973,0.164315789937973,0.164315789937973,0.164315789937973,0.14683907093672488,0.14334372713647614,0.1398483833362283,0.13635303953597955
CAN,Canada,labsh,Share of labour compensation in GDP at current national prices,0.73360276222229,0.7385174036026,0.722486138343811,0.695457935333252,0.683057188987732,0.676772058010101,0.673506140708923,0.686226963996887,0.669298350811005,0.653895318508148,0.657381176948547,0.657402634620667,0.645753741264343,0.639334261417389,0.629435360431671,0.634261846542358,0.639494955539703,0.63119775056839,0.672544836997986,0.650951683521271,0.639589190483093,0.650561571121216,0.649688482284546,0.641806542873383,0.670259356498718,0.661177635192871,0.651136517524719,0.654880404472351,0.654880404472351,0.6307921970419086,0.6285586685382647,0.6263251400346217,0.6240916115309778
CHE,Switzerland,labsh,Share of labour compensation in GDP at current national prices,0.68334424495697,0.68334424495697,0.68334424495697,0.68334424495697,0.68334424495697,0.682174205780029,0.675232529640198,0.66884309053421,0.677251935005188,0.672166168689728,0.691474199295044,0.709991037845612,0.70200389623642,0.685238242149353,0.677323222160339,0.659280836582184,0.648757994174957,0.654553413391113,0.680612802505493,0.662813484668732,0.672553062438965,0.680962204933167,0.684298038482666,0.682918131351471,0.68867427110672,0.688393175601959,0.689424693584442,0.684100329875946,0.684100329875946,0.6796192030601313,0.6795941326418534,0.6795690622235754,0.6795439918052975
CHL,Chile,labsh,Share of labour compensation in GDP at current national prices,0.477675676345825,0.477675676345825,0.477675676345825,0.477675676345825,0.477675676345825,0.477675676345825,0.482842296361923,0.503552377223969,0.516288280487061,0.498517543077469,0.494579255580902,0.493407964706421,0.502191126346588,0.456808030605316,0.4311443567276,0.384863942861557,0.384131580591202,0.430929064750671,0.439614415168762,0.439614415168762,0.439614415168762,0.439614415168762,0.439614415168762,0.439614415168762,0.439614415168762,0.439614415168762,0.439614415168762,0.439614415168762,0.439614415168762,0.4218383167177562,0.41942967933974007,0.41702104196172396,0.41461240458370785
CHN,China,labsh,Share of labour compensation in GDP at current national prices,0.592168569564819,0.592168569564819,0.566812694072723,0.561033666133881,0.56735098361969,0.588390588760376,0.588529646396637,0.592412769794464,0.606276869773865,0.591961801052094,0.588033199310303,0.60328334569931,0.598127961158752,0.572884440422058,0.568218648433685,0.557359337806702,0.553081870079041,0.552076160907745,0.552654504776001,0.548255085945129,0.549982905387878,0.560340046882629,0.571143805980682,0.578006386756897,0.583168685436249,0.586252927780151,0.586252927780151,0.586252927780151,0.586252927780151,0.5701660441941222,0.5697202534511164,0.5692744627081108,0.5688286719651051
CIV,Côte d'Ivoire,labsh,Share of labour compensation in GDP at current national prices,0.6090487241745,0.615020751953125,0.60426539182663,0.475206643342972,0.472567051649094,0.493288606405258,0.456808209419251,0.453771978616715,0.457283675670624,0.477415680885315,0.464203953742981,0.450992226600647,0.437780469655991,0.424568742513657,0.411357015371323,0.410278558731079,0.406882584095001,0.369449377059937,0.361155718564987,0.38184666633606,0.34902086853981,0.349659830331802,0.334098756313324,0.334098756313324,0.334098756313324,0.334098756313324,0.334098756313324,0.334098756313324,0.334098756313324,0.28506634424765664,0.2758625740488121,0.266658803849964,0.25745503365111944
CMR,Cameroon,labsh,Share of labour compensation in GDP at current national prices,0.544560313224793,0.534105718135834,0.52365106344223,0.54417085647583,0.509390652179718,0.503528833389282,0.503528833389282,0.503528833389282,0.503528833389282,0.503528833389282,0.503528833389282,0.503528833389282,0.503528833389282,0.503528833389282,0.503528833389282,0.503528833389282,0.503528833389282,0.503528833389282,0.503528833389282,0.503528833389282,0.503528833389282,0.503528833389282,0.503528833389282,0.503528833389282,0.503528833389282,0.503528833389282,0.503528833389282,0.503528833389282,0.503528833389282,0.49559292167865454,0.4947460805841255,0.49389923948959624,0.4930523983950672
COL,Colombia,labsh,Share of labour compensation in GDP at current national prices,0.475737363100052,0.475737363100052,0.469646990299225,0.504990458488464,0.498516112565994,0.505110502243042,0.503684878349304,0.505347311496735,0.496112495660782,0.478871166706085,0.484830886125565,0.491314649581909,0.479896068572998,0.470782250165939,0.469286978244782,0.469306528568268,0.472630143165588,0.461115151643753,0.471205115318298,0.468264579772949,0.447501063346863,0.457664489746094,0.459550857543945,0.469602674245834,0.49340495467186,0.494809359312058,0.497038096189499,0.495211362838745,0.495211362838745,0.47539606066466555,0.47499170329770435,0.47458734593074314,0.47418298856378194
CPV,Cabo Verde,labsh,Share of labour compensation in GDP at current national prices,0.563786149024963,0.563786149024963,0.563786149024963,0.563786149024963,0.563786149024963,0.563786149024963,0.563786149024963,0.563786149024963,0.563786149024963,0.563786149024963,0.563786149024963,0.563786149024963,0.563786149024963,0.563786149024963,0.563786149024963,0.563786149024963,0.563786149024963,0.561642348766327,0.587684333324432,0.602353453636169,0.595307469367981,0.640122711658478,0.615293800830841,0.644603133201599,0.654508650302887,0.62032961845398,0.626747846603394,0.626747846603394,0.626747846603394,0.6310324281307285,0.6340519380686915,0.6370714480066546,0.6400909579446177
CRI,Costa Rica,labsh,Share of labour compensation in GDP at current national prices,0.575477957725525,0.575477957725525,0.575477957725525,0.575477957725525,0.575477957725525,0.575477957725525,0.575477957725525,0.575477957725525,0.575477957725525,0.575477957725525,0.575477957725525,0.575477957725525,0.575477957725525,0.575477957725525,0.575477957725525,0.575477957725525,0.575477957725525,0.575477957725525,0.575477957725525,0.575477957725525,0.575477957725525,0.575477957725525,0.587377548217773,0.587744176387787,0.588890671730042,0.579785943031311,0.579785943031311,0.579785943031311,0.579785943031311,0.5814698389891921,0.5817432966725581,0.582016754355924,0.5822902120392899
CUW,Curaçao,labsh,Share of labour compensation in GDP at current national prices,,,,,,,,,,,,,,,,,,,,0.648437023162842,0.647061884403229,0.66962593793869,0.684483468532562,0.665201842784882,0.670485973358154,0.681031167507172,0.681031167507172,0.681031167507172,0.681031167507172,,,,
CYM,Cayman Islands,labsh,Share of labour compensation in GDP at current national prices,0.470304667949677,0.470304667949677,0.470304667949677,0.470304667949677,0.470304667949677,0.470304667949677,0.470304667949677,0.470304667949677,0.470304667949677,0.470304667949677,0.470304667949677,0.470304667949677,0.470304667949677,0.470304667949677,0.470304667949677,0.470304667949677,0.475093871355057,0.491016864776611,0.494665592908859,0.49193274974823,0.498872995376587,0.501525461673737,0.500174582004547,0.497471928596497,0.499034970998764,0.496754616498947,0.489533811807632,0.48049458861351,0.48049458861351,0.4965806067577141,0.49768151775956815,0.49878242876142176,0.49988333976327537
CYP,Cyprus,labsh,Share of labour compensation in GDP at current national prices,0.499210387468338,0.499210387468338,0.499210387468338,0.499210387468338,0.499210387468338,0.506393671035767,0.51077264547348,0.490657180547714,0.487139612436295,0.48717737197876,0.483940660953522,0.50466799736023,0.524957716464996,0.5223228931427,0.546706318855286,0.550122082233429,0.557583570480347,0.563791155815125,0.60133707523346,0.595914602279663,0.596353471279144,0.59862607717514,0.573446094989777,0.565491378307343,0.553562462329865,0.542981386184692,0.549273788928986,0.552714049816132,0.552714049816132,0.5852240086923111,0.5885729673167184,0.5919219259411257,0.595270884565533
CZE,Czech Republic,labsh,Share of labour compensation in GDP at current national prices,0.513833284378052,0.513833284378052,0.507951319217682,0.521796584129334,0.527123689651489,0.535291314125061,0.540509521961212,0.515595674514771,0.5158811211586,0.514873087406158,0.511132597923279,0.522495269775391,0.523767530918121,0.523043572902679,0.520359039306641,0.514592349529266,0.50928258895874,0.517450988292694,0.520522773265839,0.522899746894836,0.523619711399078,0.532808780670166,0.530515491962433,0.516910195350647,0.51255863904953,0.522975742816925,0.532784104347229,0.549249708652496,0.549249708652496,0.5307522618711876,0.5312784875554991,0.5318047132398108,0.5323309389241223
DEU,Germany,labsh,Share of labour compensation in GDP at current national prices,0.668120920658112,0.676293790340424,0.677943885326386,0.661825776100159,0.661148250102997,0.658173739910126,0.646556913852692,0.63981693983078,0.645175457000732,0.654206156730652,0.641212701797485,0.635994136333466,0.633888125419617,0.619628608226776,0.612890660762787,0.598493158817291,0.590178906917572,0.60460364818573,0.626461744308472,0.615998148918152,0.616050899028778,0.628495037555695,0.630767107009888,0.627978444099426,0.629125058650971,0.629603087902069,0.633366346359253,0.641904413700104,0.641904413700104,0.6130138863190044,0.6114727282171755,0.6099315701153465,0.608390412013518
DJI,Djibouti,labsh,Share of labour compensation in GDP at current national prices,0.584103584289551,0.61767965555191,0.619098782539368,0.662249326705933,0.638127863407135,0.654624402523041,0.640179514884949,0.633568584918976,0.633568584918976,0.633568584918976,0.633568584918976,0.633568584918976,0.633568584918976,0.633568584918976,0.633568584918976,0.633568584918976,0.633568584918976,0.633568584918976,0.633568584918976,0.633568584918976,0.633568584918976,0.633568584918976,0.633568584918976,0.633568584918976,0.633568584918976,0.633568584918976,0.633568584918976,0.633568584918976,0.633568584918976,0.6363835145393626,0.6366146637888388,0.636845813038315,0.6370769622877912
DNK,Denmark,labsh,Share of labour compensation in GDP at current national prices,0.641628682613373,0.641628682613373,0.641628682613373,0.641628682613373,0.641628682613373,0.647051990032196,0.641905009746552,0.656605303287506,0.648662328720093,0.622199714183807,0.636455893516541,0.640945732593536,0.642333567142487,0.632363200187683,0.634598255157471,0.632629096508026,0.649296462535858,0.649350702762604,0.671794235706329,0.641318678855896,0.637183547019959,0.629859387874603,0.628321051597595,0.620647490024567,0.619105458259583,0.618479251861572,0.615560591220856,0.620392084121704,0.620392084121704,0.6242411952887852,0.6234076323767603,0.6225740694647355,0.6217405065527104
DOM,Dominican Republic,labsh,Share of labour compensation in GDP at current national prices,0.644173622131348,0.626211047172546,0.61902928352356,0.673581957817078,0.658052265644074,0.661799192428589,0.64251834154129,0.623237490653992,0.603956639766693,0.584675788879395,0.565394937992096,0.546114087104797,0.526833236217499,0.5075523853302,0.488271534442902,0.468990683555603,0.449709832668304,0.459390878677368,0.475999981164932,0.470921993255615,0.458412677049637,0.454917997121811,0.453679203987122,0.442943662405014,0.435344815254211,0.426877468824387,0.426877468824387,0.426877468824387,0.426877468824387,0.379593651870195,0.3698442093257164,0.3600947667812413,0.35034532423676623
ECU,Ecuador,labsh,Share of labour compensation in GDP at current national prices,0.348437666893005,0.353559941053391,0.358682215213776,0.363804489374161,0.368926763534546,0.374049007892609,0.379171282052994,0.388788372278214,0.409951835870743,0.431115329265595,0.452278792858124,0.473442256450653,0.494605749845505,0.515769243240356,0.536932706832886,0.558096170425415,0.579259634017944,0.600423097610474,0.621586620807648,0.642750084400177,0.663913547992706,0.681181371212006,0.66695910692215,0.66695910692215,0.66695910692215,0.66695910692215,0.66695910692215,0.66695910692215,0.66695910692215,0.7435237904047192,0.7579990777476127,0.7724743650905062,0.7869496524333996
EGY,Egypt,labsh,Share of labour compensation in GDP at current national prices,0.392683476209641,0.392683476209641,0.392683476209641,0.392683476209641,0.392683476209641,0.392683476209641,0.391856074333191,0.399597376585007,0.413918912410736,0.41654896736145,0.411829918622971,0.406574457883835,0.4029680788517,0.376297116279602,0.379697501659393,0.37849360704422,0.336146175861359,0.319902211427689,0.338636100292206,0.350514054298401,0.376621663570404,0.313835680484772,0.343697667121887,0.353351354598999,0.362035632133484,0.362035632133484,0.362035632133484,0.362035632133484,0.362035632133484,0.3424255033138355,0.34024981057702597,0.33807411784021735,0.3358984251034087
ESP,Spain,labsh,Share of labour compensation in GDP at current national prices,0.627181947231293,0.627181947231293,0.627181947231293,0.627181947231293,0.627181947231293,0.625615239143372,0.638372302055359,0.643318712711334,0.647610723972321,0.645771741867065,0.637940645217896,0.636756241321564,0.633542358875275,0.629822790622711,0.624301135540009,0.622456014156342,0.608766734600067,0.599291563034058,0.591790497303009,0.594256579875946,0.585679292678833,0.56649261713028,0.558269858360291,0.557790338993073,0.5588658452034,0.554149031639099,0.552750647068024,0.555432140827179,0.555432140827179,0.5531483953222232,0.5496562540237511,0.5461641127252781,0.542671971426806
EST,Estonia,labsh,Share of labour compensation in GDP at current national prices,0.655422925949097,0.655422925949097,0.655422925949097,0.655422925949097,0.646044552326202,0.651069164276123,0.629969418048859,0.614437639713287,0.590489268302918,0.586119174957275,0.569929897785187,0.559815943241119,0.554221034049988,0.552836716175079,0.545613646507263,0.547348082065582,0.562678217887878,0.606481671333313,0.636739611625671,0.585960388183594,0.556496798992157,0.556662499904633,0.559973061084747,0.566942930221558,0.587249159812927,0.572147011756897,0.585143089294434,0.588352978229523,0.588352978229523,0.5520225772129477,0.5492315153770253,0.546440453541102,0.5436493917051788
FIN,Finland,labsh,Share of labour compensation in GDP at current national prices,0.708111166954041,0.679910898208618,0.633537411689758,0.607374846935272,0.590622186660767,0.592691719532013,0.578601002693176,0.569102764129639,0.573309123516083,0.566255807876587,0.560388684272766,0.565241277217865,0.569266736507416,0.563991367816925,0.572831809520721,0.574866473674774,0.559152781963348,0.570322930812836,0.607913136482239,0.596794068813324,0.600069165229797,0.613983571529388,0.610399007797241,0.601296842098236,0.593415796756744,0.588338077068329,0.567805588245392,0.57127171754837,0.57127171754837,0.568435231012661,0.566886918415574,0.565338605818487,0.5637902932214001
FJI,Fiji,labsh,Share of labour compensation in GDP at current national prices,0.596851289272308,0.588533043861389,0.580214738845825,0.571896493434906,0.563578248023987,0.555260002613068,0.581686973571777,0.595314621925354,0.56383627653122,0.548898339271545,0.488626480102539,0.488626480102539,0.488626480102539,0.488626480102539,0.488626480102539,0.488626480102539,0.488626480102539,0.488626480102539,0.488626480102539,0.488626480102539,0.488626480102539,0.488626480102539,0.488626480102539,0.488626480102539,0.488626480102539,0.488626480102539,0.488626480102539,0.488626480102539,0.488626480102539,0.45604266791507797,0.4518938500305669,0.4477450321460559,0.44359621426154483
FRA,France,labsh,Share of labour compensation in GDP at current national prices,0.618926346302033,0.61742240190506,0.619319260120392,0.617228090763092,0.620157718658447,0.62336277961731,0.61702024936676,0.612329661846161,0.618589043617249,0.615421056747437,0.617072582244873,0.621556222438812,0.621750712394714,0.616436123847961,0.615843415260315,0.615579426288605,0.607302129268646,0.607688724994659,0.621325552463532,0.620701193809509,0.61918979883194,0.623384058475494,0.62315434217453,0.623721718788147,0.617955982685089,0.620325148105621,0.623361527919769,0.624132037162781,0.624132037162781,0.6211809659826345,0.6213415606268522,0.6215021552710698,0.6216627499152874
GAB,Gabon,labsh,Share of labour compensation in GDP at current national prices,0.373032689094543,0.368713915348053,0.364395141601563,0.360076367855072,0.355757623910904,0.351438850164413,0.347120076417923,0.342801302671433,0.338482558727264,0.334163784980774,0.329845011234283,0.335842728614807,0.345666289329529,0.318199664354324,0.27486464381218,0.27486464381218,0.27486464381218,0.27486464381218,0.27486464381218,0.27486464381218,0.27486464381218,0.27486464381218,0.27486464381218,0.27486464381218,0.27486464381218,0.27486464381218,0.27486464381218,0.27486464381218,0.27486464381218,0.24770376864325172,0.2435541218137498,0.23940447498424788,0.23525482815474597
GBR,United Kingdom,labsh,Share of labour compensation in GDP at current national prices,0.582013249397278,0.579819619655609,0.563875257968903,0.549945592880249,0.544222295284271,0.533987522125244,0.550859212875366,0.557235300540924,0.579679846763611,0.588405013084412,0.600840568542481,0.593017399311066,0.587607324123383,0.597272038459778,0.594801187515259,0.600103139877319,0.60355818271637,0.595150768756867,0.600112915039063,0.599280893802643,0.596890985965729,0.591289818286896,0.595529317855835,0.584959626197815,0.585075199604034,0.586205303668976,0.587017238140106,0.589644730091095,0.589644730091095,0.602026281098428,0.6032922991978134,0.6045583172971987,0.6058243353965844
GEO,Georgia,labsh,Share of labour compensation in GDP at current national prices,0.473040759563446,0.473040759563446,0.473040759563446,0.473040759563446,0.473040759563446,0.473040759563446,0.473040759563446,0.473040759563446,0.403450727462769,0.428573608398438,0.39466980099678,0.329502940177918,0.256158649921417,0.236964911222458,0.241386696696281,0.22512012720108,0.252002537250519,0.297764837741852,0.367544144392014,0.329556703567505,0.352694690227509,0.377517908811569,0.396430045366287,0.391856521368027,0.407941222190857,0.442173719406128,0.440606713294983,0.446427881717682,0.446427881717682,0.3499640741665351,0.3474350162474362,0.34490595832833826,0.3423769004092403
GIN,Guinea,labsh,Share of labour compensation in GDP at current national prices,0.258181154727936,0.258181154727936,0.258181154727936,0.258181154727936,0.258181154727936,0.258181154727936,0.258181154727936,0.258181154727936,0.258181154727936,0.258181154727936,0.258181154727936,0.258181154727936,0.258181154727936,0.264850109815598,0.268579602241516,0.316215038299561,0.327845007181168,0.323873728513718,0.358647584915161,0.366033136844635,0.3554567694664,0.359281897544861,0.375433146953583,0.376850306987762,0.389890551567078,0.335548758506775,0.385524868965149,0.41960072517395,0.41960072517395,0.40403169672477723,0.4102784374958226,0.4165251782668662,0.42277191903791156
GRC,Greece,labsh,Share of labour compensation in GDP at current national prices,0.488187819719315,0.488187819719315,0.488187819719315,0.488187819719315,0.488187819719315,0.481308221817017,0.490919977426529,0.492724895477295,0.503729343414307,0.50228089094162,0.507350742816925,0.538030803203583,0.541611790657044,0.530393600463867,0.541394829750061,0.546119391918182,0.54316633939743,0.539658546447754,0.551240682601929,0.550175964832306,0.551578283309937,0.528572678565979,0.50777006149292,0.521744906902313,0.518329441547394,0.538000524044037,0.538810968399048,0.550890147686005,0.550890147686005,0.5551299959274365,0.5574084731745623,0.5596869504216873,0.5619654276688131
GTM,Guatemala,labsh,Share of labour compensation in GDP at current national prices,0.546268224716187,0.546268224716187,0.546268224716187,0.546268224716187,0.546268224716187,0.546268224716187,0.546268224716187,0.546268224716187,0.546268224716187,0.546268224716187,0.546268224716187,0.533602952957153,0.535839021205902,0.530364692211151,0.524134278297424,0.520745754241943,0.508726239204407,0.502048075199127,0.500541567802429,0.501379489898682,0.489439278841019,0.491502404212952,0.488316088914871,0.483557611703873,0.484072625637054,0.482956767082214,0.491292208433151,0.493273049592972,0.493273049592972,0.4771298215600632,0.4743085553493387,0.47148728913861326,0.46866602292788784
HKG,"China, Hong Kong SAR",labsh,Share of labour compensation in GDP at current national prices,0.476526200771332,0.468258380889893,0.459272295236588,0.449082374572754,0.472353845834732,0.475525975227356,0.480821430683136,0.506746888160706,0.508024275302887,0.507493257522583,0.518105328083038,0.514400839805603,0.515118420124054,0.500475645065308,0.490254700183868,0.487745106220245,0.492632269859314,0.486717045307159,0.511493563652039,0.515361130237579,0.516996920108795,0.521696329116821,0.518822491168976,0.519797384738922,0.512727737426758,0.520263969898224,0.518530189990997,0.518530189990997,0.518530189990997,0.5286939324710174,0.5306015638882307,0.5325091953054439,0.5344168267226572
HND,Honduras,labsh,Share of labour compensation in GDP at current national prices,0.576494693756104,0.576494693756104,0.576494693756104,0.576494693756104,0.576494693756104,0.576494693756104,0.576494693756104,0.576494693756104,0.576494693756104,0.576494693756104,0.594245672225952,0.599158346652985,0.604462087154388,0.594737052917481,0.589296698570252,0.585645139217377,0.589431345462799,0.594725966453552,0.600165545940399,0.607675075531006,0.612898707389832,0.59649258852005,0.601526081562042,0.59643566608429,0.575246214866638,0.574082314968109,0.561758875846863,0.563505113124847,0.563505113124847,0.5873774370830047,0.5875245753180218,0.5876717135530387,0.5878188517880557
HRV,Croatia,labsh,Share of labour compensation in GDP at current national prices,0.642977237701416,0.642977237701416,0.642977237701416,0.642977237701416,0.642977237701416,0.654904842376709,0.660953342914581,0.686233162879944,0.704274535179138,0.706241130828857,0.676457166671753,0.68335223197937,0.674582719802856,0.655460476875305,0.64388632774353,0.633025228977203,0.627312421798706,0.626682043075562,0.652928829193115,0.650710344314575,0.634582340717316,0.594026207923889,0.587868452072144,0.590051710605621,0.590385973453522,0.586817264556885,0.588236033916473,0.590545773506165,0.590545773506165,0.5929766497001259,0.5899683102011082,0.5869599707020905,0.5839516312030728
HUN,Hungary,labsh,Share of labour compensation in GDP at current national prices,0.65366792678833,0.65366792678833,0.65366792678833,0.65366792678833,0.65366792678833,0.637538969516754,0.610542476177216,0.599824011325836,0.592932224273682,0.608294248580933,0.607273459434509,0.588345587253571,0.606826961040497,0.607683718204498,0.613348960876465,0.59313291311264,0.597329080104828,0.595372498035431,0.591369211673737,0.572060346603394,0.571716368198395,0.589050054550171,0.574850857257843,0.562779009342194,0.550867736339569,0.563590586185455,0.562409520149231,0.555422902107239,0.555422902107239,0.5460931488445819,0.5425537858103286,0.5390144227760763,0.535475059741823
IDN,Indonesia,labsh,Share of labour compensation in GDP at current national prices,0.444815337657928,0.444815337657928,0.444815337657928,0.444815337657928,0.444815337657928,0.444815337657928,0.444815337657928,0.444815337657928,0.444815337657928,0.444815337657928,0.445486187934876,0.44915896654129,0.454048544168472,0.450937330722809,0.438686817884445,0.439882844686508,0.446685284376144,0.454201549291611,0.466214150190353,0.465844810009003,0.459191679954529,0.459373325109482,0.461187601089478,0.463750571012497,0.463750571012497,0.463750571012497,0.463750571012497,0.463750571012497,0.463750571012497,0.4657906894319759,0.4666789057513183,0.467567122070661,0.46845533839000364
IND,India,labsh,Share of labour compensation in GDP at current national prices,0.675957560539246,0.669585764408112,0.655598163604736,0.641673684120178,0.624446630477905,0.623452663421631,0.622693479061127,0.610854387283325,0.602292537689209,0.595479965209961,0.583254933357239,0.558310508728027,0.550348997116089,0.514238655567169,0.500907361507416,0.48188790678978,0.480651289224625,0.501330494880676,0.5107861161232,0.510548830032349,0.511983633041382,0.51140707731247,0.515993237495422,0.515723347663879,0.50730562210083,0.51750373840332,0.521803736686707,0.521803736686707,0.521803736686707,0.46604258387252884,0.45996351981984773,0.45388445576716663,0.4478053917144873
IRL,Ireland,labsh,Share of labour compensation in GDP at current national prices,0.555587828159332,0.555587828159332,0.555587828159332,0.555587828159332,0.555587828159332,0.556849718093872,0.530718684196472,0.508196294307709,0.496240228414536,0.482768952846527,0.477047055959702,0.45196396112442,0.460761487483978,0.471113294363022,0.484909981489182,0.489465892314911,0.497798919677734,0.53043258190155,0.526399791240692,0.490423232316971,0.467231541872025,0.458630293607712,0.450571715831757,0.429775148630142,0.328793376684189,0.339823752641678,0.327402651309967,0.316836327314377,0.316836327314377,0.3563064112158205,0.3486373435687504,0.3409682759216821,0.333299208274612
IRN,Iran (Islamic Republic of),labsh,Share of labour compensation in GDP at current national prices,0.35036438703537,0.35036438703537,0.35036438703537,0.35036438703537,0.372519761323929,0.364481955766678,0.383185029029846,0.409696131944656,0.373341530561447,0.357484400272369,0.362613916397095,0.317523062229157,0.302901923656464,0.286137908697128,0.277952879667282,0.279350310564041,0.252602696418762,0.263017177581787,0.296604663133621,0.287825763225555,0.272977262735367,0.291134148836136,0.285279035568237,0.312538027763367,0.360926330089569,0.35581910610199,0.35581910610199,0.35581910610199,0.35581910610199,0.3035953331903851,0.301915877499602,0.3002364218088185,0.2985569661180354
IRQ,Iraq,labsh,Share of labour compensation in GDP at current national prices,0.150848269462585,0.150848269462585,0.150848269462585,0.150848269462585,0.150848269462585,0.150848269462585,0.150848269462585,0.18970687687397,0.12710328400135,0.0896572172641754,0.134700760245323,0.167853429913521,0.206415668129921,0.233343988656998,0.215262040495873,0.231356590986252,0.240822583436966,0.257210671901703,0.32188805937767,0.296306312084198,0.296306312084198,0.296306312084198,0.296306312084198,0.296306312084198,0.296306312084198,0.296306312084198,0.296306312084198,0.296306312084198,0.296306312084198,0.33329123023696283,0.3407191003484744,0.34814697045998777,0.35557484057149935
ISL,Iceland,labsh,Share of labour compensation in GDP at current national prices,0.634732723236084,0.634732723236084,0.634732723236084,0.634732723236084,0.634732723236084,0.663974583148956,0.598385989665985,0.613975942134857,0.645558655261993,0.648463487625122,0.615507364273071,0.611612737178803,0.636286616325378,0.633184492588043,0.662636518478394,0.679359912872315,0.670165657997131,0.589344143867493,0.511137306690216,0.525546967983246,0.549591541290283,0.561228692531586,0.570006966590881,0.573691666126251,0.575316369533539,0.594232380390167,0.627550005912781,0.641832828521729,0.641832828521729,0.5854337676405321,0.5835107607207277,0.5815877538009233,0.5796647468811189
ISR,Israel,labsh,Share of labour compensation in GDP at current national prices,0.582946240901947,0.582946240901947,0.582946240901947,0.582946240901947,0.582946240901947,0.582946240901947,0.582946240901947,0.582946240901947,0.582946240901947,0.582946240901947,0.59878545999527,0.585158586502075,0.571350991725922,0.561098039150238,0.564935505390167,0.569498598575592,0.570335268974304,0.575488448143005,0.551499724388123,0.554151237010956,0.553047895431519,0.54994523525238,0.54021018743515,0.5382399559021,0.536849856376648,0.538657546043396,0.546849429607391,0.552985310554504,0.552985310554504,0.5396047950965426,0.5377818159281911,0.5359588367598396,0.5341358575914876
ITA,Italy,labsh,Share of labour compensation in GDP at current national prices,0.57619446516037,0.573643505573273,0.561704456806183,0.543264091014862,0.52540910243988,0.527411878108978,0.533243894577026,0.508022248744965,0.511430501937866,0.502190828323364,0.498864024877548,0.50221711397171,0.504890978336334,0.503284990787506,0.507152199745178,0.51036411523819,0.507551491260529,0.514003694057465,0.52898246049881,0.524743258953095,0.520548522472382,0.524589240550995,0.521094501018524,0.518238842487335,0.517628371715546,0.516337335109711,0.516445279121399,0.522367238998413,0.522367238998413,0.5069519955242789,0.5059345748330566,0.5049171541418342,0.5038997334506119
JAM,Jamaica,labsh,Share of labour compensation in GDP at current national prices,0.506724119186401,0.518336534500122,0.529949009418488,0.541561484336853,0.553173959255219,0.564786434173584,0.576398849487305,0.58801132440567,0.585931241512299,0.583442211151123,0.577056348323822,0.565279245376587,0.5773686170578,0.571380078792572,0.563664555549622,0.571298658847809,0.578262269496918,0.593065977096558,0.592364728450775,0.586538791656494,0.590561747550964,0.599514842033386,0.601796925067902,0.594729244709015,0.592966258525848,0.597060978412628,0.599273204803467,0.594869375228882,0.594869375228882,0.6110822524636861,0.6134527097781914,0.6158231670926968,0.6181936244072022
JOR,Jordan,labsh,Share of labour compensation in GDP at current national prices,0.490034341812134,0.502145707607269,0.502145707607269,0.497669994831085,0.502145707607269,0.502145707607269,0.498867630958557,0.499733299016953,0.502145707607269,0.486286997795105,0.4711874127388,0.47063210606575,0.471776634454727,0.458331793546677,0.456962078809738,0.45974600315094,0.464297473430634,0.451022982597351,0.4901242852211,0.4901242852211,0.4901242852211,0.4901242852211,0.4901242852211,0.4901242852211,0.4901242852211,0.4901242852211,0.4901242852211,0.4901242852211,0.4901242852211,0.47957792004634614,0.47918508155592576,0.4787922430655054,0.478399404575085
JPN,Japan,labsh,Share of labour compensation in GDP at current national prices,0.583020627498627,0.591111660003662,0.595814883708954,0.603955924510956,0.598764359951019,0.589143216609955,0.595523595809937,0.596608638763428,0.591831505298615,0.58198881149292,0.582154810428619,0.569685459136963,0.562829256057739,0.554206967353821,0.554045677185059,0.553895652294159,0.550385594367981,0.564748406410217,0.574092149734497,0.561099946498871,0.573452711105347,0.569869756698608,0.562987923622131,0.564916133880615,0.555718839168549,0.565453767776489,0.563643991947174,0.563643991947174,0.563643991947174,0.5528885526903737,0.5514989659704006,0.550109379250427,0.5487197925304539
KAZ,Kazakhstan,labsh,Share of labour compensation in GDP at current national prices,0.467670440673828,0.508803009986877,0.594091176986694,0.519333899021149,0.591858267784119,0.602679312229157,0.605568528175354,0.573684215545654,0.545109927654266,0.504875421524048,0.508033037185669,0.446525037288666,0.465258657932282,0.445758491754532,0.434857934713364,0.402542382478714,0.448380559682846,0.414173185825348,0.414273411035538,0.419138193130493,0.419927209615707,0.414274007081986,0.401156485080719,0.402706205844879,0.408921927213669,0.380724191665649,0.380724191665649,0.380724191665649,0.380724191665649,0.35351085112305825,0.34608399362986475,0.33865713613667126,0.33123027864347776
KEN,Kenya,labsh,Share of labour compensation in GDP at current national prices,0.519513428211212,0.548451721668243,0.557298421859741,0.57793790102005,0.59857702255249,0.547491788864136,0.55744731426239,0.573692798614502,0.591255247592926,0.602225422859192,0.588373959064484,0.588638842105866,0.587079584598541,0.582312107086182,0.568302035331726,0.573116898536682,0.571676433086395,0.558147311210632,0.575513482093811,0.611858725547791,0.611564338207245,0.611998200416565,0.623265027999878,0.637802481651306,0.650804996490479,0.643290460109711,0.685915470123291,0.682223081588745,0.682223081588745,0.6588676809677381,0.6630036928383607,0.6671397047089851,0.6712757165796095
KGZ,Kyrgyzstan,labsh,Share of labour compensation in GDP at current national prices,0.630057811737061,0.518392264842987,0.558883368968964,0.598967671394348,0.780932188034058,0.804554462432861,0.730363786220551,0.719931304454804,0.687281787395477,0.642180919647217,0.589586436748505,0.641868889331818,0.640252709388733,0.535286545753479,0.551721811294556,0.664211750030518,0.624350547790527,0.563097953796387,0.546771764755249,0.53470253944397,0.516322553157806,0.563615560531616,0.524445056915283,0.529233038425446,0.508163928985596,0.524336993694305,0.490213125944138,0.479843646287918,0.479843646287918,0.4884292231551495,0.4814982654719486,0.4745673077887478,0.46763635010554516
KOR,Republic of Korea,labsh,Share of labour compensation in GDP at current national prices,0.569506824016571,0.568698883056641,0.559413611888886,0.560653686523438,0.564126789569855,0.572919726371765,0.548502624034882,0.518715083599091,0.510806202888489,0.506752073764801,0.510609745979309,0.505672693252564,0.512038111686707,0.50962233543396,0.518356323242188,0.523086190223694,0.5193971991539,0.516967415809631,0.511329829692841,0.495870321989059,0.503740787506104,0.508525729179382,0.511416733264923,0.518178641796112,0.521538615226746,0.519990980625153,0.517249286174774,0.517249286174774,0.517249286174774,0.498320684424173,0.49651175299888584,0.4947028215735987,0.4928938901483111
KWT,Kuwait,labsh,Share of labour compensation in GDP at current national prices,0.233743146061897,0.233743146061897,0.233743146061897,0.233743146061897,0.233743146061897,0.233743146061897,0.233743146061897,0.233743146061897,0.233743146061897,0.233743146061897,0.233743146061897,0.233743146061897,0.233743146061897,0.233743146061897,0.230399131774902,0.209404036402702,0.220091551542282,0.212122783064842,0.225341379642487,0.237416997551918,0.245347037911415,0.226588755846024,0.241935655474663,0.249492630362511,0.249492630362511,0.249492630362511,0.249492630362511,0.249492630362511,0.249492630362511,0.24278883727753753,0.2433011800931597,0.2438135229087821,0.2443258657244045
LAO,Lao People's DR,labsh,Share of labour compensation in GDP at current national prices,0.420683652162552,0.420683652162552,0.420683652162552,0.420683652162552,0.420683652162552,0.420683652162552,0.420683652162552,0.420683652162552,0.420683652162552,0.420683652162552,0.420683652162552,0.420683652162552,0.411997079849243,0.407604873180389,0.397984206676483,0.397984206676483,0.397984206676483,0.397984206676483,0.397984206676483,0.397984206676483,0.397984206676483,0.397984206676483,0.397984206676483,0.397984206676483,0.397984206676483,0.397984206676483,0.397984206676483,0.397984206676483,0.397984206676483,0.3908054057894077,0.38964629748771884,0.38848718918603,0.3873280808843411
LBN,Lebanon,labsh,Share of labour compensation in GDP at current national prices,0.444804221391678,0.444804221391678,0.444804221391678,0.444804221391678,0.444804221391678,0.444804221391678,0.444804221391678,0.444804221391678,0.444804221391678,0.444804221391678,0.444804221391678,0.444804221391678,0.444804221391678,0.444804221391678,0.444804221391678,0.444804221391678,0.444804221391678,0.444804221391678,0.444804221391678,0.444804221391678,0.444804221391678,0.444804221391678,0.444804221391678,0.444804221391678,0.444804221391678,0.444804221391678,0.444804221391678,0.444804221391678,0.444804221391678,0.4448042213916781,0.4448042213916781,0.4448042213916781,0.4448042213916781
LKA,Sri Lanka,labsh,Share of labour compensation in GDP at current national prices,0.436951756477356,0.436951756477356,0.436951756477356,0.436951756477356,0.423056423664093,0.421295017004013,0.415911585092545,0.413661777973175,0.414736151695251,0.404700815677643,0.399073302745819,0.368795514106751,0.389508575201035,0.386550217866898,0.380436897277832,0.374531865119934,0.377129107713699,0.391425728797913,0.3854019343853,0.386605083942413,0.379164636135101,0.358892053365707,0.367595016956329,0.373650014400482,0.399899125099182,0.397244870662689,0.394813299179077,0.411475002765656,0.411475002765656,0.3740971438549989,0.37242813494992166,0.3707591260448444,0.36909011713976714
LSO,Lesotho,labsh,Share of labour compensation in GDP at current national prices,0.717414677143097,0.717414677143097,0.717414677143097,0.717414677143097,0.717414677143097,0.717414677143097,0.717414677143097,0.700966238975525,0.684517860412598,0.66806948184967,0.651621043682098,0.623526155948639,0.641605079174042,0.639389097690582,0.608985006809235,0.56073808670044,0.544047892093658,0.537770748138428,0.591755449771881,0.613059043884277,0.596339285373688,0.623468041419983,0.661128878593445,0.661128878593445,0.661128878593445,0.661128878593445,0.661128878593445,0.661128878593445,0.661128878593445,0.6052855988735031,0.6021077114372986,0.598929824001095,0.5957519365648904
LTU,Lithuania,labsh,Share of labour compensation in GDP at current national prices,0.504850625991821,0.504850625991821,0.504850625991821,0.504850625991821,0.504850625991821,0.513843178749085,0.533401310443878,0.570494949817658,0.584942042827606,0.52150696516037,0.492708951234818,0.491704642772675,0.48983433842659,0.498872697353363,0.503188073635101,0.523535251617432,0.51580011844635,0.530832946300507,0.532919883728027,0.486937344074249,0.465784430503845,0.463080137968063,0.465779602527618,0.475614726543427,0.503393173217773,0.524431765079498,0.52608996629715,0.535492718219757,0.535492718219757,0.5041341312559953,0.5036972456084094,0.5032603599608236,0.5028234743132378
LUX,Luxembourg,labsh,Share of labour compensation in GDP at current national prices,0.545945167541504,0.545945167541504,0.545945167541504,0.545945167541504,0.545945167541504,0.541049897670746,0.549666702747345,0.561985611915588,0.53542697429657,0.540037631988525,0.570107817649841,0.578491032123566,0.571980595588684,0.575664758682251,0.569202661514282,0.541487276554108,0.537237763404846,0.562731802463532,0.597612023353577,0.56690376996994,0.554643452167511,0.569950997829437,0.562857031822205,0.557511627674103,0.548756837844849,0.538629174232483,0.553770005702972,0.562985718250275,0.562985718250275,0.5641353782174627,0.5646377305091901,0.5651400828009174,0.5656424350926448
LVA,Latvia,labsh,Share of labour compensation in GDP at current national prices,0.528910338878632,0.528910338878632,0.528910338878632,0.528910338878632,0.568197190761566,0.623596787452698,0.537069380283356,0.518606603145599,0.514465093612671,0.501256883144379,0.483476936817169,0.459186285734177,0.46171236038208,0.462473392486572,0.489384144544601,0.50273859500885,0.532370924949646,0.571724534034729,0.556809365749359,0.529153347015381,0.477276772260666,0.480627655982971,0.498867839574814,0.512293756008148,0.531592011451721,0.553926050662994,0.553466856479645,0.571349740028381,0.571349740028381,0.527134582547131,0.5273835234454107,0.5276324643436905,0.5278814052419704
MAC,"China, Macao SAR",labsh,Share of labour compensation in GDP at current national prices,0.387501835823059,0.387501835823059,0.387501835823059,0.387501835823059,0.387501835823059,0.387501835823059,0.396540224552155,0.440495997667313,0.458701193332672,0.446205914020538,0.457771807909012,0.433445543050766,0.411378115415573,0.398641467094421,0.407759100198746,0.425245255231857,0.446147710084915,0.460894614458084,0.448261320590973,0.365540713071823,0.33855065703392,0.338546901941299,0.318656325340271,0.318656325340271,0.318656325340271,0.318656325340271,0.318656325340271,0.318656325340271,0.318656325340271,0.33498457485231903,0.3315014043758664,0.32801823389941287,0.32453506342296023
MAR,Morocco,labsh,Share of labour compensation in GDP at current national prices,0.507671475410461,0.507671475410461,0.507671475410461,0.507671475410461,0.507671475410461,0.507671475410461,0.507671475410461,0.507671475410461,0.494069933891296,0.484666526317596,0.50532066822052,0.504457235336304,0.50010085105896,0.494063764810562,0.488980501890183,0.497538715600967,0.475488781929016,0.474063068628311,0.499189138412476,0.491144210100174,0.494659960269928,0.494360029697418,0.506101846694946,0.497218191623688,0.50087183713913,0.496144473552704,0.489355683326721,0.48540073633194,0.48540073633194,0.48732966830577684,0.4866689595389242,0.48600825077207155,0.4853475420052189
MDA,Republic of Moldova,labsh,Share of labour compensation in GDP at current national prices,0.506416916847229,0.506416916847229,0.506416916847229,0.506416916847229,0.506416916847229,0.558259785175324,0.610102593898773,0.661945462226868,0.491943687200546,0.516666054725647,0.551081597805023,0.60535854101181,0.654154241085053,0.619945228099823,0.626280963420868,0.628095149993897,0.601201415061951,0.642465591430664,0.673235058784485,0.627472579479218,0.600596129894257,0.629800736904144,0.595789730548859,0.571682870388031,0.576896607875824,0.562971353530884,0.458070516586304,0.530644297599793,0.530644297599793,0.5957495975376954,0.5971733889262683,0.5985971803148411,0.600020971703414
MEX,Mexico,labsh,Share of labour compensation in GDP at current national prices,0.42808985710144,0.42808985710144,0.42808985710144,0.434354901313782,0.386093139648438,0.363462001085281,0.374658912420273,0.381267756223679,0.386827975511551,0.397220939397812,0.411744266748428,0.404511511325836,0.40090799331665,0.380832105875015,0.37599304318428,0.365198314189911,0.362374842166901,0.358926594257355,0.394211024045944,0.380743563175201,0.367842108011246,0.361764162778854,0.376144200563431,0.374191522598267,0.377999871969223,0.368456274271011,0.35616597533226,0.360263675451279,0.360263675451279,0.35463331169976264,0.35265095794729273,0.3506686041948228,0.3486862504423538
MKD,North Macedonia,labsh,Share of labour compensation in GDP at current national prices,0.864417731761932,0.723275482654572,0.765317440032959,0.709720969200134,0.691261827945709,0.691261827945709,0.670068144798279,0.678810119628906,0.677565097808838,0.629407644271851,0.602419912815094,0.614874303340912,0.606682002544403,0.575937151908875,0.514297723770142,0.508528470993042,0.473794132471085,0.52480685710907,0.535314500331879,0.531230688095093,0.51450514793396,0.508746981620789,0.481529831886292,0.501081228256226,0.49006575345993,0.497435748577118,0.49410805106163,0.49410805106163,0.49410805106163,0.42205882520216775,0.4109669287803648,0.3998750323585618,0.3887831359367553
MLT,Malta,labsh,Share of labour compensation in GDP at current national prices,0.537146687507629,0.537146687507629,0.537146687507629,0.537146687507629,0.537146687507629,0.542896270751953,0.535711705684662,0.5270756483078,0.530737578868866,0.513171792030335,0.538045287132263,0.530471920967102,0.529621779918671,0.534141421318054,0.545461475849152,0.551655769348145,0.538416862487793,0.529077768325806,0.54074490070343,0.514360189437866,0.5488241314888,0.539906740188599,0.52986067533493,0.516349613666534,0.493855983018875,0.511903643608093,0.501188158988953,0.51372903585434,0.51372903585434,0.5161357809757363,0.5152421414852142,0.5143485019946921,0.5134548625041697
MNG,Mongolia,labsh,Share of labour compensation in GDP at current national prices,0.412747025489807,0.412747025489807,0.412747025489807,0.412747025489807,0.412747025489807,0.419143199920654,0.355000168085098,0.459715485572815,0.437341332435608,0.441211640834808,0.386789709329605,0.371759057044983,0.374254524707794,0.344190418720245,0.396654844284058,0.328213512897491,0.353282004594803,0.41375607252121,0.43752732872963,0.354153215885162,0.376794219017029,0.39836660027504,0.41604009270668,0.408234447240829,0.425170093774796,0.429407924413681,0.406113535165787,0.402784436941147,0.402784436941147,0.3955913398947033,0.395291858118743,0.3949923763427827,0.3946928945668223
MOZ,Mozambique,labsh,Share of labour compensation in GDP at current national prices,0.418456733226776,0.418456733226776,0.418456733226776,0.418456733226776,0.418456733226776,0.418456733226776,0.43373915553093,0.416049838066101,0.459289461374283,0.429645240306854,0.513221263885498,0.539259970188141,0.414862096309662,0.414862096309662,0.414862096309662,0.414862096309662,0.414862096309662,0.414862096309662,0.414862096309662,0.414862096309662,0.414862096309662,0.414862096309662,0.414862096309662,0.414862096309662,0.414862096309662,0.414862096309662,0.414862096309662,0.414862096309662,0.414862096309662,0.41483005191304967,0.41408400717627214,0.4133379624394946,0.4125919177027171
MRT,Mauritania,labsh,Share of labour compensation in GDP at current national prices,0.516631722450256,0.516631722450256,0.516631722450256,0.516631722450256,0.516631722450256,0.516631722450256,0.516631722450256,0.516631722450256,0.516631722450256,0.516631722450256,0.516631722450256,0.503875851631165,0.491120040416718,0.478364199399948,0.465608358383179,0.404089570045471,0.404089570045471,0.404089570045471,0.404089570045471,0.404089570045471,0.404089570045471,0.404089570045471,0.404089570045471,0.404089570045471,0.404089570045471,0.404089570045471,0.404089570045471,0.404089570045471,0.404089570045471,0.37152782456921507,0.3657695154544722,0.3600112063397294,0.35425289722498654
MUS,Mauritius,labsh,Share of labour compensation in GDP at current national prices,0.516590654850006,0.527072012424469,0.537553369998932,0.548034727573395,0.549877405166626,0.543835878372192,0.528156757354736,0.512574970722199,0.487051904201508,0.482990920543671,0.474899590015411,0.466506779193878,0.459957182407379,0.454597890377045,0.443956673145294,0.43162813782692,0.425263017416,0.425918161869049,0.426562815904617,0.42613610625267,0.42613610625267,0.42613610625267,0.42613610625267,0.42613610625267,0.42613610625267,0.42613610625267,0.42613610625267,0.42613610625267,0.42613610625267,0.39154341655411606,0.38660173648096574,0.3816600564078154,0.3767183763346651
MYS,Malaysia,labsh,Share of labour compensation in GDP at current national prices,0.305726170539856,0.305726170539856,0.305726170539856,0.305726170539856,0.305726170539856,0.305726170539856,0.305726170539856,0.305726170539856,0.305726170539856,0.305726170539856,0.305726170539856,0.305726170539856,0.305726170539856,0.305726170539856,0.305726170539856,0.305726170539856,0.318618386983871,0.345854043960571,0.360277026891708,0.353973597288132,0.356527119874954,0.367414116859436,0.374871492385864,0.379122465848923,0.39598160982132,0.39598160982132,0.39598160982132,0.39598160982132,0.39598160982132,0.39435578067901833,0.3982825223154638,0.40220926395190926,0.4061360055883547
NAM,Namibia,labsh,Share of labour compensation in GDP at current national prices,0.660380661487579,0.648729562759399,0.650069713592529,0.631382524967194,0.654643356800079,0.644539654254913,0.633983969688416,0.632951557636261,0.624335765838623,0.623427152633667,0.592466831207275,0.578534960746765,0.594628572463989,0.576946318149567,0.577057301998138,0.535508692264557,0.518837451934815,0.515869796276093,0.540491938591003,0.545172274112701,0.546777427196503,0.543023884296417,0.539149940013886,0.533429622650147,0.526214182376862,0.525232791900635,0.524332523345947,0.511087656021118,0.511087656021118,0.49099095995202724,0.4852402567276197,0.4794895535032122,0.4737388502788047
NER,Niger,labsh,Share of labour compensation in GDP at current national prices,0.579180181026459,0.579180181026459,0.579180181026459,0.579180181026459,0.579180181026459,0.556381762027741,0.538159489631653,0.606019496917725,0.624125778675079,0.615986347198486,0.597868382930756,0.620178163051605,0.615455806255341,0.656593441963196,0.663529455661774,0.669491469860077,0.587610602378845,0.555045783519745,0.524547874927521,0.473193496465683,0.486744403839111,0.402788490056992,0.414482772350311,0.432519286870956,0.434113293886185,0.450980365276337,0.449940413236618,0.449940413236618,0.449940413236618,0.4441091842545646,0.43746005375984076,0.43081092326511694,0.4241617927703931
NGA,Nigeria,labsh,Share of labour compensation in GDP at current national prices,0.579779803752899,0.52199125289917,0.597596168518066,0.681056439876556,0.58704948425293,0.561565160751343,0.588084697723389,0.617044448852539,0.577782511711121,0.518746972084045,0.649101376533508,0.664160251617432,0.59956818819046,0.77526730298996,0.654974102973938,0.902988731861115,0.65777862071991,0.532390177249908,0.574573218822479,0.502270579338074,0.493047624826431,0.495971858501434,0.485330402851105,0.47651606798172,0.468155682086945,0.465241849422455,0.465241849422455,0.465241849422455,0.465241849422455,0.492192559054331,0.48678985948632914,0.48138715991832726,0.47598446035032715
NIC,Nicaragua,labsh,Share of labour compensation in GDP at current national prices,0.540404677391052,0.540404677391052,0.540404677391052,0.540404677391052,0.540404677391052,0.540404677391052,0.540404677391052,0.540404677391052,0.540404677391052,0.540404677391052,0.540404677391052,0.540404677391052,0.540404677391052,0.540404677391052,0.540404677391052,0.540404677391052,0.544903457164764,0.551348805427551,0.54345577955246,0.545340418815613,0.553695857524872,0.55282998085022,0.55334746837616,0.552100896835327,0.552100896835327,0.552100896835327,0.552100896835327,0.552100896835327,0.552100896835327,0.5535075961075397,0.5540770634641792,0.5546465308208188,0.5552159981774583
NLD,Netherlands,labsh,Share of labour compensation in GDP at current national prices,0.655640959739685,0.668519735336304,0.66805225610733,0.653706252574921,0.616636872291565,0.61556887626648,0.609171509742737,0.610070049762726,0.62112694978714,0.621638417243958,0.619185507297516,0.622235953807831,0.623838722705841,0.61249178647995,0.598016381263733,0.583889365196228,0.581252038478851,0.586807072162628,0.615216672420502,0.601239860057831,0.604313969612122,0.607641816139221,0.603681147098541,0.602565109729767,0.591772437095642,0.597661912441254,0.595292627811432,0.595893859863281,0.595893859863281,0.5825110562329217,0.5804738117556258,0.57843656727833,0.5763993228010351
NOR,Norway,labsh,Share of labour compensation in GDP at current national prices,0.543436586856842,0.550573587417603,0.539406538009644,0.542032122612,0.539372503757477,0.526647746562958,0.527132451534271,0.570970773696899,0.557713031768799,0.485896944999695,0.496959418058395,0.522769093513489,0.514082968235016,0.488635361194611,0.463034301996231,0.454113006591797,0.477307140827179,0.46550852060318,0.519516468048096,0.503332912921906,0.494730025529861,0.497200101613998,0.508163571357727,0.518772304058075,0.542700350284576,0.557666480541229,0.540335118770599,0.52850353717804,0.52850353717804,0.5063384181907011,0.5056000219190049,0.5048616256473086,0.5041232293756124
NZL,New Zealand,labsh,Share of labour compensation in GDP at current national prices,0.571387529373169,0.562068581581116,0.551559507846832,0.540817260742188,0.53878378868103,0.545568287372589,0.54321962594986,0.542119085788727,0.528926312923431,0.53982424736023,0.541162192821503,0.527592957019806,0.529493927955627,0.531800270080566,0.535915315151215,0.547152757644653,0.556411147117615,0.562583446502686,0.563060104846954,0.568842649459839,0.564760267734528,0.563188135623932,0.564058303833008,0.548001527786255,0.546999573707581,0.554755985736847,0.552021086215973,0.552415430545807,0.552415430545807,0.555173021525585,0.5555709821837288,0.5559689428418727,0.5563669035000166
OMN,Oman,labsh,Share of labour compensation in GDP at current national prices,0.305638074874878,0.305638074874878,0.305638074874878,0.305638074874878,0.305638074874878,0.305638074874878,0.305638074874878,0.305638074874878,0.305638074874878,0.305638074874878,0.312865972518921,0.314945846796036,0.321817934513092,0.310282409191132,0.277813911437988,0.262783795595169,0.276976346969605,0.227644249796867,0.30266872048378,0.30266872048378,0.30266872048378,0.30266872048378,0.30266872048378,0.30266872048378,0.30266872048378,0.30266872048378,0.30266872048378,0.30266872048378,0.30266872048378,0.29435036258010416,0.2939947151638602,0.29363906774761617,0.2932834203313722
PAN,Panama,labsh,Share of labour compensation in GDP at current national prices,0.445979803800583,0.445979803800583,0.445979803800583,0.445979803800583,0.445979803800583,0.445979803800583,0.444009006023407,0.452280133962631,0.450520992279053,0.464813023805618,0.450225025415421,0.438731163740158,0.432098865509033,0.429561942815781,0.412203967571259,0.408956617116928,0.407340884208679,0.376381129026413,0.356835186481476,0.354278445243835,0.332201778888702,0.321113914251328,0.306417971849442,0.295659631490707,0.299059987068176,0.30106720328331,0.306527316570282,0.306308388710022,0.306308388710022,0.2888774770527611,0.28209280359920896,0.2753081301456586,0.2685234566921064
PER,Peru,labsh,Share of labour compensation in GDP at current national prices,0.430306047201157,0.430306047201157,0.430306047201157,0.430306047201157,0.430306047201157,0.430306047201157,0.430306047201157,0.430306047201157,0.430306047201157,0.430306047201157,0.430306047201157,0.430306047201157,0.430306047201157,0.430306047201157,0.430306047201157,0.430306047201157,0.430306047201157,0.43135467171669,0.450771033763886,0.432521492242813,0.420139253139496,0.440379440784454,0.448173940181732,0.459253311157227,0.460235178470612,0.455481171607971,0.448849886655808,0.447212278842926,0.447212278842926,0.4494774483988444,0.45034655015456915,0.4512156519102939,0.45208475366601863
PHL,Philippines,labsh,Share of labour compensation in GDP at current national prices,0.437833726406097,0.437833726406097,0.438424527645111,0.443968296051025,0.441215932369232,0.439631700515747,0.436917185783386,0.429843604564667,0.4234778881073,0.39628329873085,0.384007751941681,0.380383759737015,0.37259566783905,0.410449624061585,0.40440034866333,0.402468740940094,0.403325617313385,0.41156467795372,0.425919234752655,0.467929869890213,0.501908540725708,0.492717325687408,0.487817138433456,0.491525948047638,0.485649943351746,0.482950061559677,0.489516794681549,0.496991842985153,0.496991842985153,0.48282689017615343,0.4855566262611619,0.4882863623461704,0.4910160984311789
POL,Poland,labsh,Share of labour compensation in GDP at current national prices,0.626219391822815,0.626219391822815,0.626219391822815,0.626219391822815,0.626219391822815,0.64249712228775,0.639757335186005,0.648537814617157,0.642388999462128,0.625951588153839,0.647597968578339,0.622469663619995,0.600470006465912,0.563146650791168,0.56303483247757,0.560928642749786,0.564035594463348,0.585874140262604,0.560189843177795,0.563492834568024,0.555181264877319,0.556905865669251,0.556507527828217,0.555409491062164,0.545849204063416,0.564882874488831,0.569659471511841,0.5797079205513,0.5797079205513,0.5431807239361,0.539794423838555,0.5364081237410092,0.5330218236434643
PRT,Portugal,labsh,Share of labour compensation in GDP at current national prices,0.642972588539124,0.642972588539124,0.642972588539124,0.642972588539124,0.642972588539124,0.657716631889343,0.653558790683746,0.657971978187561,0.656391143798828,0.655944645404816,0.658590495586395,0.656217873096466,0.654438257217407,0.647274017333984,0.654262721538544,0.641949951648712,0.622977316379547,0.626674234867096,0.624882638454437,0.619056880474091,0.608872592449188,0.589696109294891,0.583374440670013,0.578845798969269,0.572560369968414,0.573324739933014,0.577965021133423,0.586291551589966,0.586291551589966,0.5797197299050572,0.5766206022553835,0.5735214746057098,0.5704223469560361
PRY,Paraguay,labsh,Share of labour compensation in GDP at current national prices,0.464340209960938,0.464340209960938,0.464340209960938,0.464340209960938,0.471402227878571,0.485843896865845,0.513722717761993,0.49918469786644,0.501017451286316,0.5118048787117,0.471425622701645,0.448553562164307,0.436662197113037,0.435728222131729,0.436108350753784,0.442400693893433,0.446851193904877,0.435925245285034,0.417453289031982,0.448381364345551,0.465268611907959,0.455180704593658,0.47652792930603,0.466880083084106,0.447575479745865,0.454978615045548,0.441634476184845,0.449382841587067,0.449382841587067,0.4420602441274477,0.44080302354150236,0.43954580295555745,0.4382885823696121
QAT,Qatar,labsh,Share of labour compensation in GDP at current national prices,0.32993346452713,0.32993346452713,0.32993346452713,0.32993346452713,0.32993346452713,0.32993346452713,0.32993346452713,0.311383217573166,0.292832970619202,0.215152755379677,0.234018266201019,0.230767726898193,0.206975683569908,0.199597075581551,0.172793462872505,0.183959871530533,0.180285558104515,0.156244218349457,0.18681238591671,0.184158518910408,0.150073155760765,0.160520866513252,0.175977513194084,0.176196917891502,0.176196917891502,0.176196917891502,0.176196917891502,0.176196917891502,0.176196917891502,0.12155276848911178,0.11446486338605588,0.10737695828299998,0.1002890531799423
ROU,Romania,labsh,Share of labour compensation in GDP at current national prices,0.471328347921371,0.471328347921371,0.471328347921371,0.471328347921371,0.471328347921371,0.465763181447983,0.411178469657898,0.508443474769592,0.470236241817474,0.521739304065704,0.542675793170929,0.523176431655884,0.521696865558624,0.498999863862991,0.528203368186951,0.517822861671448,0.45581579208374,0.49029728770256,0.444148361682892,0.490852504968643,0.464925497770309,0.448877036571503,0.44848644733429,0.445957481861115,0.442551672458649,0.471193969249725,0.48979064822197,0.504583358764648,0.504583358764648,0.47976681325823256,0.47963944905497213,0.4795120848517117,0.4793847206484513
RUS,Russian Federation,labsh,Share of labour compensation in GDP at current national prices,0.519249141216278,0.519249141216278,0.519249141216278,0.519249141216278,0.519249141216278,0.519249141216278,0.519249141216278,0.519249141216278,0.519249141216278,0.519249141216278,0.519249141216278,0.519249141216278,0.508230805397034,0.501237452030182,0.494342297315598,0.503616333007813,0.519064545631409,0.52859628200531,0.568890333175659,0.537075519561768,0.547033846378326,0.550960004329681,0.57178795337677,0.58560311794281,0.575985252857208,0.578090786933899,0.572065114974976,0.539201200008392,0.539201200008392,0.5633666227603791,0.5654026234972078,0.5674386242340357,0.5694746249708644
RWA,Rwanda,labsh,Share of labour compensation in GDP at current national prices,0.741010069847107,0.741010069847107,0.741010069847107,0.741010069847107,0.741010069847107,0.741010069847107,0.741010069847107,0.741010069847107,0.741010069847107,0.741010069847107,0.741010069847107,0.741010069847107,0.741010069847107,0.741010069847107,0.741010069847107,0.741010069847107,0.741010069847107,0.741010069847107,0.741010069847107,0.741010069847107,0.741010069847107,0.741010069847107,0.741010069847107,0.741010069847107,0.741010069847107,0.741010069847107,0.741010069847107,0.741010069847107,0.741010069847107,0.7410100698471073,0.7410100698471073,0.7410100698471073,0.7410100698471073
SAU,Saudi Arabia,labsh,Share of labour compensation in GDP at current national prices,0.327368438243866,0.327368438243866,0.327368438243866,0.327368438243866,0.327368438243866,0.327368438243866,0.327368438243866,0.327368438243866,0.327368438243866,0.327368438243866,0.327368438243866,0.327368438243866,0.311338752508163,0.291658252477646,0.257433742284775,0.245512008666992,0.233940735459328,0.199071899056435,0.280881643295288,0.280881643295288,0.280881643295288,0.280881643295288,0.280881643295288,0.280881643295288,0.280881643295288,0.280881643295288,0.280881643295288,0.280881643295288,0.280881643295288,0.2567363851543103,0.2541807080137293,0.25162503087314825,0.24906935373256722
SDN,Sudan,labsh,Share of labour compensation in GDP at current national prices,0.780470848083496,0.780470848083496,0.780470848083496,0.780470848083496,0.780470848083496,0.845013737678528,0.896542906761169,0.824608087539673,0.72151517868042,0.683012068271637,0.68159282207489,0.7309849858284,0.700939059257507,0.658938527107239,0.662669897079468,0.634985506534576,0.634985506534576,0.634985506534576,0.634985506534576,0.634985506534576,0.634985506534576,0.634985506534576,0.634985506534576,0.634985506534576,0.634985506534576,0.634985506534576,0.634985506534576,0.634985506534576,0.634985506534576,0.582475834732568,0.5748754453189235,0.5672750559052773,0.559674666491631
SEN,Senegal,labsh,Share of labour compensation in GDP at current national prices,0.486602395772934,0.486602395772934,0.486602395772934,0.486602395772934,0.486602395772934,0.486602395772934,0.486602395772934,0.486602395772934,0.486602395772934,0.486602395772934,0.486602395772934,0.486602395772934,0.486602395772934,0.486602395772934,0.486602395772934,0.486602395772934,0.486602395772934,0.486602395772934,0.486602395772934,0.486602395772934,0.486602395772934,0.486602395772934,0.486602395772934,0.486602395772934,0.492813140153885,0.481202989816666,0.496551692485809,0.48617884516716,0.48617884516716,0.4877619979710415,0.4878165150510855,0.48787103213112937,0.4879255492111733
SGP,Singapore,labsh,Share of labour compensation in GDP at current national prices,0.438173770904541,0.44707390666008,0.43585130572319,0.439308881759644,0.440195173025131,0.441730260848999,0.437257081270218,0.46197772026062,0.455795347690582,0.45759242773056,0.489348441362381,0.473075658082962,0.464497894048691,0.426251947879791,0.421812415122986,0.419800132513046,0.423756182193756,0.447557330131531,0.457445800304413,0.439468115568161,0.439468115568161,0.439468115568161,0.439468115568161,0.439468115568161,0.439468115568161,0.439468115568161,0.439468115568161,0.439468115568161,0.439468115568161,0.4388501783603518,0.43851333316323793,0.4381764879661241,0.4378396427690102
SLE,Sierra Leone,labsh,Share of labour compensation in GDP at current national prices,0.536417305469513,0.536417305469513,0.536417305469513,0.536417305469513,0.536417305469513,0.536417305469513,0.536417305469513,0.536417305469513,0.536417305469513,0.536417305469513,0.536417305469513,0.536290347576141,0.534201920032501,0.529157638549805,0.531167685985565,0.532175898551941,0.527945220470429,0.527203679084778,0.531119287014008,0.532100677490234,0.53485918045044,0.53923112154007,0.530258774757385,0.546122074127197,0.548228621482849,0.550033211708069,0.547566711902618,0.547566711902618,0.547566711902618,0.5419759198362606,0.5423067608490367,0.5426376018618129,0.5429684428745891
SRB,Serbia,labsh,Share of labour compensation in GDP at current national prices,0.819988071918488,0.819988071918488,0.819988071918488,0.819988071918488,0.819988071918488,0.819988071918488,0.819988071918488,0.697816550731659,0.637002944946289,0.610167741775513,0.647908449172974,0.687409520149231,0.706097543239594,0.670340657234192,0.652066171169281,0.654042184352875,0.651221096515656,0.642742395401001,0.630865514278412,0.612648248672485,0.602678537368774,0.602678537368774,0.602678537368774,0.602678537368774,0.602678537368774,0.602678537368774,0.602678537368774,0.602678537368774,0.602678537368774,0.5456631208581832,0.5368352545305974,0.5280073882030116,0.5191795218754258
STP,Sao Tome and Principe,labsh,Share of labour compensation in GDP at current national prices,0.738317966461182,0.738317966461182,0.738317966461182,0.738317966461182,0.738317966461182,0.738317966461182,0.738317966461182,0.738317966461182,0.738317966461182,0.738317966461182,0.738317966461182,0.738317966461182,0.738317966461182,0.738317966461182,0.738317966461182,0.738317966461182,0.738317966461182,0.738317966461182,0.738317966461182,0.738317966461182,0.738317966461182,0.738317966461182,0.738317966461182,0.738317966461182,0.738317966461182,0.738317966461182,0.738317966461182,0.738317966461182,0.738317966461182,0.7383179664611821,0.7383179664611821,0.7383179664611821,0.7383179664611821
SUR,Suriname,labsh,Share of labour compensation in GDP at current national prices,0.467882215976715,0.467882215976715,0.467882215976715,0.467882215976715,0.467882215976715,0.467882215976715,0.467882215976715,0.467882215976715,0.467882215976715,0.467882215976715,0.467882215976715,0.467882215976715,0.467882215976715,0.467882215976715,0.467882215976715,0.467882215976715,0.467882215976715,0.421179413795471,0.453542768955231,0.452156126499176,0.452156126499176,0.452156126499176,0.452156126499176,0.452156126499176,0.452156126499176,0.452156126499176,0.452156126499176,0.452156126499176,0.452156126499176,0.44785616154153884,0.44702293755385614,0.44618971356617343,0.44535648957849094
SVK,Slovakia,labsh,Share of labour compensation in GDP at current national prices,0.582490861415863,0.582490861415863,0.582490861415863,0.534619688987732,0.535353600978851,0.553110122680664,0.568609416484833,0.565483570098877,0.547691702842712,0.553124189376831,0.543268918991089,0.544897079467773,0.534121811389923,0.507456779479981,0.516655564308167,0.503254950046539,0.498183697462082,0.503806054592133,0.536517381668091,0.51679128408432,0.517701387405396,0.512286305427551,0.518494367599487,0.526757001876831,0.533208668231964,0.547206938266754,0.56306129693985,0.573765099048615,0.573765099048615,0.5261644210134229,0.5252037397452758,0.5242430584771287,0.5232823772089816
SVN,Slovenia,labsh,Share of labour compensation in GDP at current national prices,0.72242146730423,0.72242146730423,0.72242146730423,0.72242146730423,0.72242146730423,0.70201563835144,0.675366759300232,0.664990603923798,0.650631189346314,0.659297466278076,0.655628800392151,0.653328537940979,0.641324698925018,0.641414225101471,0.645136713981628,0.639085531234741,0.63378894329071,0.644904971122742,0.664897799491882,0.670029044151306,0.656531810760498,0.656291306018829,0.642227530479431,0.634974837303162,0.631565451622009,0.638038992881775,0.633978545665741,0.636699199676514,0.636699199676514,0.6180243660957334,0.6150398867470859,0.6120554073984374,0.6090709280497899
SWE,Sweden,labsh,Share of labour compensation in GDP at current national prices,0.594075083732605,0.576131522655487,0.548346340656281,0.537506222724915,0.518249988555908,0.532023131847382,0.530125737190247,0.504790186882019,0.507952570915222,0.521596491336823,0.537832617759705,0.53750342130661,0.533762514591217,0.525730192661285,0.527730345726013,0.51928323507309,0.528414070606232,0.537469804286957,0.549179792404175,0.532072484493256,0.537002086639404,0.554460108280182,0.558629333972931,0.554370522499085,0.54151451587677,0.54990017414093,0.550087630748749,0.556666195392609,0.556666195392609,0.5447323011060062,0.5450499199881338,0.5453675388702612,0.5456851577523888
SWZ,Eswatini,labsh,Share of labour compensation in GDP at current national prices,0.612078845500946,0.612078845500946,0.612078845500946,0.612078845500946,0.612078845500946,0.612078845500946,0.612078845500946,0.612078845500946,0.612078845500946,0.612078845500946,0.612078845500946,0.612078845500946,0.612078845500946,0.612078845500946,0.612078845500946,0.612078845500946,0.612078845500946,0.612078845500946,0.612078845500946,0.612078845500946,0.612078845500946,0.612078845500946,0.612078845500946,0.612078845500946,0.612078845500946,0.612078845500946,0.612078845500946,0.612078845500946,0.612078845500946,0.6120788455009462,0.6120788455009462,0.6120788455009462,0.6120788455009462
TCD,Chad,labsh,Share of labour compensation in GDP at current national prices,0.463464468717575,0.463981032371521,0.464497566223145,0.46501412987709,0.465530693531036,0.507219970226288,0.516946315765381,0.526380121707916,0.523378312587738,0.555143654346466,0.593457221984863,0.544301569461823,0.495145946741104,0.445990324020386,0.396834671497345,0.404486119747162,0.389766603708267,0.387666821479797,0.442515313625336,0.492642790079117,0.492642790079117,0.492642790079117,0.492642790079117,0.492642790079117,0.492642790079117,0.492642790079117,0.492642790079117,0.492642790079117,0.492642790079117,0.47690100564158044,0.47656073071099303,0.4762204557804055,0.475880180849818
TGO,Togo,labsh,Share of labour compensation in GDP at current national prices,0.806201457977295,0.806201457977295,0.806201457977295,0.806201457977295,0.806201457977295,0.806201457977295,0.806201457977295,0.806201457977295,0.806201457977295,0.806201457977295,0.806201457977295,0.806201457977295,0.806201457977295,0.806201457977295,0.806201457977295,0.806201457977295,0.806201457977295,0.806201457977295,0.806201457977295,0.806201457977295,0.806201457977295,0.806201457977295,0.806201457977295,0.806201457977295,0.806201457977295,0.806201457977295,0.806201457977295,0.806201457977295,0.806201457977295,0.8062014579772951,0.8062014579772951,0.8062014579772951,0.8062014579772951
THA,Thailand,labsh,Share of labour compensation in GDP at current national prices,0.661368131637573,0.661368131637573,0.661368131637573,0.661368131637573,0.661368131637573,0.661368131637573,0.661368131637573,0.661368131637573,0.661368131637573,0.661368131637573,0.661368131637573,0.661368131637573,0.661368131637573,0.661368131637573,0.661368131637573,0.661396622657776,0.670596897602081,0.659315943717957,0.66432797908783,0.66460907459259,0.655769169330597,0.646153807640076,0.652597486972809,0.657492399215698,0.65747457742691,0.643835663795471,0.63720315694809,0.63720315694809,0.63720315694809,0.6472483575344083,0.6465690501805008,0.6458897428265931,0.6452104354726855
TJK,Tajikistan,labsh,Share of labour compensation in GDP at current national prices,0.537161827087402,0.537161827087402,0.537161827087402,0.537161827087402,0.537161827087402,0.537161827087402,0.537161827087402,0.537161827087402,0.537161827087402,0.537161827087402,0.518258273601532,0.473854601383209,0.425779402256012,0.36644521355629,0.396417617797852,0.391745388507843,0.374867022037506,0.364177763462067,0.362473011016846,0.379664540290833,0.428149938583374,0.427736341953278,0.413255095481873,0.463458478450775,0.444266647100449,0.444266647100449,0.444266647100449,0.444266647100449,0.444266647100449,0.38402881139310985,0.3788738719348217,0.37371893247653354,0.3685639930182454
TTO,Trinidad and Tobago,labsh,Share of labour compensation in GDP at current national prices,0.570054888725281,0.565843880176544,0.566986978054047,0.494308978319168,0.4947310090065,0.495119363069534,0.476678669452667,0.484130799770355,0.472161084413528,0.409260183572769,0.420877426862717,0.419526696205139,0.363306701183319,0.340183258056641,0.315150141716003,0.288683742284775,0.290715783834457,0.26772928237915,0.338232040405273,0.338232040405273,0.338232040405273,0.338232040405273,0.338232040405273,0.338232040405273,0.338232040405273,0.338232040405273,0.338232040405273,0.338232040405273,0.338232040405273,0.2626681037137004,0.2538436754290032,0.245019247144306,0.2361948188596088
TUN,Tunisia,labsh,Share of labour compensation in GDP at current national prices,0.551500856876373,0.551500856876373,0.541854083538055,0.521474301815033,0.518457174301148,0.525453984737396,0.529354870319367,0.524008274078369,0.520744144916534,0.513467013835907,0.510922431945801,0.505126774311066,0.512804448604584,0.508707702159882,0.495366722345352,0.488516539335251,0.485464423894882,0.472195565700531,0.486592411994934,0.47887396812439,0.501676559448242,0.501676559448242,0.501676559448242,0.501676559448242,0.501676559448242,0.501676559448242,0.501676559448242,0.501676559448242,0.501676559448242,0.4840282077712956,0.4823715237267492,0.4807148396822023,0.4790581556376554
TUR,Turkey,labsh,Share of labour compensation in GDP at current national prices,0.384998112916946,0.384998112916946,0.384998112916946,0.384998112916946,0.384998112916946,0.384998112916946,0.384998112916946,0.384998112916946,0.404048919677734,0.397399425506592,0.374589830636978,0.379687517881393,0.38416650891304,0.38207083940506,0.381823301315308,0.379808396100998,0.386080622673035,0.38566717505455,0.39881631731987,0.413919746875763,0.404043525457382,0.423361271619797,0.41650065779686,0.425829112529755,0.429490298032761,0.466279178857803,0.442814886569977,0.436831265687943,0.436831265687943,0.43443010769454293,0.43665637931800383,0.4388826509414647,0.4411089225649256
TWN,Taiwan,labsh,Share of labour compensation in GDP at current national prices,0.746274173259735,0.746274173259735,0.746274173259735,0.746274173259735,0.746274173259735,0.746274173259735,0.746274173259735,0.746274173259735,0.746274173259735,0.746274173259735,0.74212771654129,0.742256581783295,0.733308136463165,0.722259759902954,0.712413787841797,0.706351339817047,0.695060670375824,0.692409455776215,0.684111714363098,0.675813913345337,0.667516171932221,0.659218370914459,0.650920629501343,0.650920629501343,0.650920629501343,0.650920629501343,0.650920629501343,0.650920629501343,0.650920629501343,0.6368893054612172,0.6323324229329685,0.6277755404047198,0.6232186578764711
TZA,U.R. of Tanzania: Mainland,labsh,Share of labour compensation in GDP at current national prices,0.486729472875595,0.486729472875595,0.486729472875595,0.486729472875595,0.513934314250946,0.511467218399048,0.498367130756378,0.489761233329773,0.470438569784164,0.464605182409287,0.453676640987396,0.441086560487747,0.429332375526428,0.426764279603958,0.407378047704697,0.421908855438232,0.387988090515137,0.396040618419647,0.406799972057343,0.4017453789711,0.4089694917202,0.439637303352356,0.453992486000061,0.460859894752502,0.511586129665375,0.537354469299316,0.572602987289429,0.58367246389389,0.58367246389389,0.4839112097259817,0.4848603247421719,0.4858094397583621,0.4867585547745523
UKR,Ukraine,labsh,Share of labour compensation in GDP at current national prices,0.600539028644562,0.530049204826355,0.418641299009323,0.475520074367523,0.55844122171402,0.55844122171402,0.55844122171402,0.55844122171402,0.55844122171402,0.55844122171402,0.55844122171402,0.55844122171402,0.55844122171402,0.55844122171402,0.55844122171402,0.55844122171402,0.55844122171402,0.55844122171402,0.55844122171402,0.55844122171402,0.55844122171402,0.55844122171402,0.55844122171402,0.55844122171402,0.55844122171402,0.55844122171402,0.55844122171402,0.55844122171402,0.55844122171402,0.5687421131603823,0.5699093341533774,0.5710765551463721,0.5722437761393673
URY,Uruguay,labsh,Share of labour compensation in GDP at current national prices,0.516889154911041,0.516889154911041,0.516889154911041,0.516889154911041,0.516889154911041,0.516889154911041,0.516889154911041,0.537652552127838,0.564420521259308,0.563844978809357,0.557490289211273,0.511497497558594,0.452859491109848,0.447659283876419,0.473971903324127,0.473971903324127,0.473971903324127,0.473971903324127,0.473971903324127,0.473971903324127,0.473971903324127,0.473971903324127,0.473971903324127,0.473971903324127,0.473971903324127,0.473971903324127,0.473971903324127,0.473971903324127,0.473971903324127,0.4574470266773183,0.45492458190823903,0.4524021371391589,0.44987969237007963
USA,United States,labsh,Share of labour compensation in GDP at current national prices,0.615098834037781,0.620048463344574,0.614196300506592,0.607954382896423,0.607377409934998,0.607116162776947,0.609609842300415,0.623013257980347,0.625988662242889,0.637073159217835,0.640336573123932,0.629616677761078,0.621445715427399,0.617115139961243,0.605635344982147,0.605510890483856,0.604003727436066,0.604088604450226,0.59113609790802,0.587999582290649,0.592656254768372,0.595092236995697,0.593056976795197,0.594270586967468,0.595646262168884,0.593772530555725,0.596151113510132,0.594325959682465,0.597091138362885,0.5909230948375361,0.5897974439442453,0.588671793050954,0.5875461421576627
UZB,Uzbekistan,labsh,Share of labour compensation in GDP at current national prices,0.470142990350723,0.470142990350723,0.470142990350723,0.470142990350723,0.470142990350723,0.470142990350723,0.470142990350723,0.470142990350723,0.470142990350723,0.470142990350723,0.470142990350723,0.470142990350723,0.470142990350723,0.470142990350723,0.470142990350723,0.470142990350723,0.470142990350723,0.470142990350723,0.470142990350723,0.470142990350723,0.470142990350723,0.470142990350723,0.470142990350723,0.470142990350723,0.470142990350723,0.483196407556534,0.427631556987762,0.427631556987762,0.427631556987762,0.4550055339565411,0.45425954464033835,0.4535135553241356,0.4527675660079329
VEN,Venezuela (Bolivarian Republic of),labsh,Share of labour compensation in GDP at current national prices,0.422622114419937,0.422622114419937,0.422622114419937,0.422622114419937,0.422622114419937,0.422622114419937,0.422622114419937,0.474564343690872,0.462304443120956,0.410519778728485,0.445438235998154,0.412869542837143,0.377732187509537,0.376152813434601,0.354703694581986,0.37727889418602,0.402497082948685,0.370312869548798,0.443617939949036,0.367544740438461,0.366030901670456,0.403053462505341,0.401337772607803,0.48715677857399,0.428571432828903,0.428571432828903,0.428571432828903,0.428571432828903,0.428571432828903,0.41047022040254366,0.41016978119394454,0.4098693419853453,0.4095689027767462
VGB,British Virgin Islands,labsh,Share of labour compensation in GDP at current national prices,0.389665007591248,0.389665007591248,0.389665007591248,0.389665007591248,0.389665007591248,0.372447580099106,0.402034670114517,0.398839056491852,0.380558252334595,0.380558252334595,0.380558252334595,0.380558252334595,0.380558252334595,0.380558252334595,0.380558252334595,0.380558252334595,0.380558252334595,0.380558252334595,0.380558252334595,0.380558252334595,0.380558252334595,0.380558252334595,0.380558252334595,0.380558252334595,0.380558252334595,0.380558252334595,0.380558252334595,0.380558252334595,0.380558252334595,0.3775064440930419,0.3771255641735247,0.37674468425400753,0.37636380433449035
ZAF,South Africa,labsh,Share of labour compensation in GDP at current national prices,0.602886855602264,0.599729776382446,0.593380570411682,0.589723587036133,0.582183599472046,0.581943809986115,0.580091595649719,0.588794410228729,0.583491563796997,0.561061501502991,0.545413494110107,0.529168426990509,0.527124285697937,0.524096190929413,0.518273770809174,0.513675093650818,0.51281875371933,0.515515029430389,0.522477626800537,0.528297245502472,0.532650709152222,0.537096083164215,0.54379814863205,0.552340626716614,0.561690330505371,0.568343043327332,0.570414483547211,0.57088828086853,0.57088828086853,0.5325662724196603,0.531040214317771,0.5295141562158823,0.5279880981139935
ZMB,Zambia,labsh,Share of labour compensation in GDP at current national prices,0.445720881223679,0.445720881223679,0.445720881223679,0.445720881223679,0.445720881223679,0.445720881223679,0.445720881223679,0.445720881223679,0.445720881223679,0.445720881223679,0.445720881223679,0.445720881223679,0.445720881223679,0.445720881223679,0.445720881223679,0.445720881223679,0.445720881223679,0.445720881223679,0.445720881223679,0.445720881223679,0.400977462530136,0.442422121763229,0.392384111881256,0.398576259613037,0.352824509143829,0.340859472751617,0.283626139163971,0.390300542116165,0.390300542116165,0.3751089271947077,0.37182495042021024,0.3685409736457119,0.3652569968712145
ZWE,Zimbabwe,labsh,Share of labour compensation in GDP at current national prices,0.533381104469299,0.533381104469299,0.533381104469299,0.533381104469299,0.533381104469299,0.533381104469299,0.533381104469299,0.533381104469299,0.533381104469299,0.533381104469299,0.533381104469299,0.533381104469299,0.533381104469299,0.533381104469299,0.533381104469299,0.533381104469299,0.533381104469299,0.533381104469299,0.533381104469299,0.533381104469299,0.533381104469299,0.533381104469299,0.533381104469299,0.533381104469299,0.533381104469299,0.533381104469299,0.533381104469299,0.533381104469299,0.533381104469299,0.533381104469299,0.533381104469299,0.533381104469299,0.533381104469299
