Country,1990,1991,1992,1993,1994,1995,1996,1997,1998,1999,2000,2001,2002,2003,2004,2005,2006,2007,2008,2009,2010,2011,2012,2013,2014,2015,2016,2017,2018,2019
Argentina,1850,1837.9608265684,1826,1850.33780699633,1875,1881.96113800855,1888.94811998636,1895.96104188194,1903,1887.28500620691,1862.13626747802,1811.15256973465,1710.03655967315,1713.57461407056,1743.39987555159,1771.67852511621,1775.92032568302,1787.54472393139,1789.76497262401,1751.62284425664,1760.22478243752,1760.23036886917,1736.1033601168,1725.87355290948,1705.42836841011,1703.46853920997,1646.51253231742,1648.81283190555,1638.44003915643,1609.06899778265
Australia,1863.95976066404,1850.48498518718,1846.54406020209,1863.78451113998,1869.94875172172,1870.32957779945,1863.8229920763,1861.09850842763,1846.62955884966,1848.47500286322,1847.48006809129,1814.12893219708,1808.1211102858,1801.57433587603,1799.36418700095,1797.07360190023,1786.90629291713,1786.25199533353,1786.47657950049,1757.96039511667,1763.32278712918,1765.28954694429,1757.21845032634,1756.28963042236,1746.49623902512,1746.48347245406,1736.08106430342,1736.80030412914,1729.34206312146,1726.79765901284
Austria,1826.02977823911,1836.4441713434,1804.93136163252,1802.29813196879,1800.5380693988,1774.43638786439,1807.2706167889,1815.69195567073,1794.03050655954,1797.97135268246,1798.43221117612,1785.4201480698,1782.84794012249,1773.97785450023,1776.46583847686,1752.48934906659,1735.66953330982,1724.77914038572,1717.19510018023,1673.07510755993,1665.8438684206,1671.68779057894,1647.85287599045,1632.06762453878,1621.56576445456,1605.28054807562,1618.21077872449,1608.18096742251,1612.6927480831,1611.37422283302
Belgium,1655.92814000428,1618.97413687992,1596.00113493761,1552.05613122218,1552.05613122218,1578.02613341787,1552.05713122226,1565.04413232028,1576.03413324946,1575.38213319433,1589.10261089617,1581.24315890543,1593.64555143097,1598.21986767667,1587.8026490695,1577.67644856314,1591.63766372009,1593.65753175217,1582.50514357277,1563.22521392411,1573.83071067685,1590.23435097738,1587.29507479661,1585.59508664181,1581.59598872649,1575.45686873281,1574.1541719248,1577.91766637202,1583.26399701065,1586.43099700467
Bangladesh,2413.83360941046,2507.76318085963,2512.30627280939,2517.23789879648,2522.57810325469,2528.3392394907,2535.10765686308,2541.36786848475,2547.80003527967,2554.35816406041,2560.82716280636,2561.92864729003,2563.54970020587,2565.57769962881,2576.81655309013,2587.27266987362,2597.65124148528,2591.94284773303,2586.72056431248,2581.94878858753,2577.61601989015,2491.94991179286,2405.78339437532,2319.56666737776,2366.94326704829,2418.75081657411,2473.50895777158,2418.88269322362,2418.88269322362,2418.88269322362
Bulgaria,,,,,,1710.67393856027,1708.20253500711,1706.86747091107,1649.98096841911,1669.49987191658,1640.25376636206,1651.8589372702,1651.25941926434,1640.51106442113,1663.6886642769,1658.64639927674,1654.10266774454,1654.52137793353,1693.59600487594,1646.27530472355,1644.8379390048,1643.59279908073,1644.44984416786,1644.97951238901,1644.05897203691,1644.38528122198,1643.54743239927,1643.25811621541,1644.57156324894,1645.2464639261
Brazil,1879,1868.47049749253,1858,1858.99973103817,1860,1855.23169524477,1850.47561453806,1845.73172654223,1841,1813.84281513654,1837.92704997124,1828.32639443615,1818.72573890106,1811.18251462053,1803.12608917876,1783.13122718687,1779.16785116749,1774.26648478892,1771.26186216357,1764.54671052478,1761.34574713873,1769.62137861968,1765.10217248705,1751.55377078168,1738.86887811381,1722.87580544082,1714.67502802459,1709.59435123556,1706.05716938628,1707.79505786682
Canada,1795.29275976099,1774.18933014911,1772.38697853733,1771.12232132047,1784.99053515429,1785.01634448525,1798.8071303262,1796.67786052231,1792.64300178282,1791.86011874381,1786.1863674886,1773.04081492155,1754.36346241955,1743.80314450329,1753.79995869368,1744.01822226126,1743.54074963857,1742.92562725078,1740.30598015872,1710.83602576185,1714.2084450068,1712.65128203911,1720.63066685975,1714.93540782873,1709.60147943111,1710.78010554478,1705.19238539275,1693.7846611101,1707.05926033192,1689.28093285823
Switzerland,1716.22087515004,1713.775238508,1723.19016208362,1719.49033087277,1741.31133912113,1720.26621854234,1696.87194275558,1687.45360954303,1695.53448485339,1717.40097617804,1712.74308206048,1672.85071746696,1651.2582839353,1664.54053158251,1694.95328783637,1689.9702267496,1679.23838174421,1668.87002879655,1659.45897946613,1650.77879040793,1624.34638188442,1619.31691282911,1603.2313689246,1582.89237113925,1575.32149723039,1589.47508202482,1590.2266622875,1569.53086626813,1561.18279697534,1556.88284435749
Chile,2408.38144329897,2370.22886597938,2365.45979381443,2370.22886597938,2351.15257731959,2313,2313,2256,2299,2277,2263,2242,2250,2235,2232,2157,2165,2128,2095,2074,2070,2047,2024,2015,1990,1988,1974,1954,1940.6,1914.4
China,1975.35399295742,1976.88806287887,1978.4228544564,1981.64529459047,1989.29892990883,2001.83393325498,2017.26468243655,2037.36385895159,2062.05230428812,2082.06654040956,2090.47531061941,2103.51517613363,2118.20137588701,2138.08227702886,2167.89594581493,2192.35458727075,2183.05831502574,2152.6502141501,2131.59268716585,2138.85173747165,2172.71018311543,2178.80911654017,2184.29287571704,2178.3250154072,2178.66247759958,2170.45931702625,2167.22768958674,2168.91884848017,2168.91884848017,2168.91884848017
Colombia,1969,1958.97447660759,1949,1961.95693122963,1975,1970.23276711893,1965.47704133119,1960.7327948611,1956,1956,1956,1956,2032.28862374238,2016.2487367447,2004.25636075234,2013.92866096358,2037.66028152482,2061.67154943672,2085.96575999218,2051.21917623002,2045.43461211512,2029.69562262862,2016.91606511415,2011.75485565498,2004.79305981985,1997.03251098236,1989.17896966082,1974.23145603545,1968.3672617957,1968.3672617957
Costa Rica,2363.53946236309,2278.25879417218,2364.5489356983,2352.41834040734,2376.10670932388,2350.71300978423,2392.5721175028,2371.21228301147,2362.28365341526,2376.1733986911,2367.5843943198,2335.04329381493,2362.69609427883,2356.13488988338,2375.40221132655,2357.84639720887,2365.61307108554,2392.57475254432,2397.88337650963,2354.24310558486,2249.26597942745,2289.88756577249,2242.59931495231,2156.55773728351,2135.53311321817,2156.91050433761,2212.38372016313,2185.28247819394,2127.98844565145,2069.24545655368
Cyprus,,,,,,1899.56747989457,1898.53450304191,1906.27735275449,1912.54193803039,1919.70998578995,1926.39153640869,1950.89405106198,1923.20743222662,1916.04186880715,1878.57526653658,1847.30393494515,1832.92163429337,1862.06064959721,1867.71827216178,1847.10385492023,1844.9967991333,1847.27446839857,1845.26870497187,1810.27908858029,1815.43435788779,1824.33084091894,1839.67539023064,1821.48264674073,1809.58328414591,1805.23978482317
Czech Republic,,,,1856.90359176788,1838.90458603186,1857.90259208624,1852.5774602055,1857.7622797533,1877.4182790524,1893.5347062065,1895.56215453127,1818.31569477487,1816.57018887501,1806.22398234003,1817.06106372272,1816.98824208148,1799.16676354686,1784.36445886035,1789.54051436565,1778.76695172306,1799.50051806914,1805.62334438399,1776.12436865945,1763.00480423859,1776.73758115628,1756.16095223576,1778.52553995783,1784.3711946488,1786.68910987575,1787.54340166384
Germany,1583.15823711075,1554.06344061125,1565.09384775808,1540.1843488366,1536.57699516883,1530.5714736344,1516.75118900596,1507.67613038906,1504.55903364073,1491.51329243354,1465.93780490856,1458.16503173687,1448.92351131952,1443.40800774779,1442.58421828159,1432.42349469614,1453.1885339058,1454.08720699245,1447.32846858318,1405.05586387307,1425.74546871955,1426.89678413249,1407.98210333421,1396.45808736718,1400.41197537511,1400.79309865034,1394.75432367426,1391.33972156934,1389.93177865965,1386.1968343797
Denmark,1440.49975513365,1437.31129290714,1452.36659748712,1448.91917588635,1406.66186407378,1419.14342156645,1412.26397570859,1428.08945490985,1441.1349792782,1456.49725571072,1465.93724479611,1468.67711062473,1462.58458444077,1457.82901056676,1458.07554251772,1451.36391727389,1455.7018067844,1432.76976799283,1430.05460030473,1417.02839525636,1422.30635684719,1436.98015165271,1423.34782655838,1425.63512145749,1413.80822860337,1407.14810887239,1412.04575083871,1405.40401793354,1381.92945098926,1380.60764340558
Dominican Republic,2171.70245935725,2169.49961078905,2140.25933293833,2233.48628759302,2215.70121281645,2234.44796428976,2206.33089653809,2223.51272741466,2283.07197832995,2303.45594455202,2206.56689528768,2187.59997740215,2137.66149219353,2130.04085007,2151.75607450809,2153.18799737017,2123.36287831209,2132.85932060208,2131.66636623381,2131.33057397449,2114.7668591412,2107.80986848101,2114.49883371816,2122.62809065895,2181.51098536797,2156.59748559201,2142.1020102401,2142.1020102401,2142.1020102401,2142.1020102401
Ecuador,,,,,,1943,1936.31032748729,1929.6436872537,1923,1788.70381753115,1800.22634179496,1811.82309219063,1823.49454687021,1835.24118706592,1782.71586349476,1808.50578717578,1772.74806870271,1729.05388229675,1758.10093758924,1734.47465014855,1719.4629336059,1699.52958497852,1664.7306345015,1661.24541892454,1649.26617828494,1620.19818803133,1572.31251123342,1566.35958084662,1568.14027351186,1551.64280948966
Spain,1746.52839962172,1755.52940168123,1747.56539985899,1739.55239802555,1738.50739778644,1738.79639785257,1740.33928927078,1742.63677191539,1751.10587060624,1756.27373368015,1752.82075838745,1762.06978335498,1763.64741830528,1754.63317012726,1739.90120009097,1723.71916932259,1713.74063366858,1701.30779766684,1710.12620246177,1715.80455861982,1705.77553458184,1710.69165947777,1696.72661811367,1689.82440964343,1690.56399650873,1694.23718822333,1701.45006195262,1689.47621970404,1695.50101681915,1685.95150557715
Estonia,,,,,,1983.22914169974,1982.28225962469,1980.5513646261,1980.16144802278,1977.34491250144,1977.87288569964,1970.4960924227,1972.6898895497,1978.33471968059,1986.46066477368,2008.37334639882,2000.9903456867,1998.48461299347,1967.76981778539,1832.14013180715,1874.70169677066,1918.86301369863,1885.68660488627,1865.8429023132,1859.4318744839,1851.61663188313,1855.19929566192,1856.68277474669,1810.37875288684,1797.21453550251
Finland,1726.42197374818,1707.33799373847,1706.44731400211,1705.86514553167,1726.84014869888,1732.45251857969,1730.97683305469,1726.78554929317,1716.50511821723,1716.14964718413,1704.71345334377,1689.91650610148,1682.49873117916,1676.4135021097,1677.69150052466,1667.03873661582,1661.74322350268,1658.02532851642,1653.79985243292,1632.52051956331,1637.91237423338,1630.3018346814,1619.73318727749,1612.17329601451,1609.53399057687,1607.1400269435,1606.30325023667,1600.32008743852,1597.73047484864,1590.69453809845
France,1644.85066858497,1637.7817276028,1635.15248332413,1626.6858847772,1623.23356541797,1601.21158807359,1597.2815088944,1595.64532821433,1585.28968091215,1578.30450977251,1558.33880165612,1537.95660377359,1503.88673461568,1507.25677073358,1530.85601162924,1532.07590897002,1515.01120006013,1536.81550088915,1542.7960853699,1531.45117267609,1539.80306190866,1546.33118899734,1540.88061901253,1526.24200073556,1518.11103387722,1519.48435617539,1522.06935829071,1505.3678615042,1495.45792132034,1504.91235283781
United Kingdom,1745.94408522119,1720.54658385093,1714.33046202036,1710.31607236368,1720.59048403223,1722.62524933672,1722.09249896872,1721.19544216469,1716.99944019407,1708.6103928371,1692.9539541907,1695.97647228637,1678.56139566093,1669.38034282677,1666.71573781984,1669.7371727658,1663.98572298822,1665.82136292464,1660.46880537321,1638.33173274798,1643.20782797612,1639.81584702709,1655.01902549079,1665.97488620572,1672.43403189881,1669.46515474792,1667.69889898719,1668.94905948779,1663.18888383671,1667.94771142193
Greece,2111.62291707557,2112.89086600028,2112.86896405601,2112.1438210472,2110.19881805692,2110.70629448024,2109.40048298191,2107.94476754073,2108.43442464635,2104.85240852446,2107.63844286413,2101.13044603293,2093.2151483101,2091.478708449,2082.55181805742,2136.23901680056,2125.33637405048,2110.98857785184,2106.26003838266,2081.21163802029,2019.57079830326,2037.70031630692,2055.37413342038,2059.21990339469,2020.88162108039,2031.14044153109,2030.09039855206,2045.24137432014,2044.43100594298,2036.4635206703
"China, Hong Kong SAR",2278.52184934495,2309.90455979018,2224.17136504035,2287.95930621571,2291.92835821652,2254.84975312425,2304.26773615516,2257.81318088885,2259.15270952419,2301.92569626219,2330.66707633014,2326.35778948359,2343.43079331465,2330.89876030052,2354.37507837843,2346.38608538861,2315.49495860638,2327.7800560632,2277.02279893995,2251.99878094078,2302.08001851443,2256.89447684712,2233.45914619944,2225.53576114137,2175.43043013906,2185.51376791203,2176.56813639524,2147.57436171632,2147.57436171632,2147.57436171632
Croatia,,,,,,1923.68679524466,1923.6843112489,1923.74613042537,1923.67957296828,1923.65165885852,1922.08853560977,1923.37963856197,1923.65325393233,1924.73450749351,1926.56113119548,1926.50483954688,1928.64449522276,1930.66139509262,1932.20536100546,1928.89473833178,1942.9881528018,1940.26442013558,1923.78467924672,1909.47262059974,1891.61518485832,1827.6509949266,1834.90973668249,1823.7675980935,1810.86957827887,1831.32341007765
Hungary,1888.7743518049,1857.69940102971,1815.94243592554,1815.94243592554,1943.1555156615,1948.01097672012,1945.97854785059,1954.30461743582,1945.06134212226,1952.40325731147,1932.40204868046,1897.76496349303,1883.63229679713,1856.28743799054,1858.61112248412,1834.05318072763,1813.87967069593,1787.78102621538,1791.23799983716,1758.222505075,1766.35687026284,1753.67064949273,1738.25180493411,1733.62520415674,1748.55144428933,1745.94798262841,1760.15506579565,1747.35415208937,1728.87776968242,1725.22796480691
Indonesia,1909.30214737919,1928.36246238854,1895.62026184139,1897.33486957071,1929.50971115144,1927.96387716889,1917.22161677023,1923.39592496962,1956.47301316145,1971.89289614736,1979.1156899085,2021.00055513342,1993.86928999313,2020.79980875606,2046.92359580893,2024.37908629388,2039.52480467645,2078.15532650998,2055.93802997504,2075.39601995221,2066.00066002697,2034.81979604342,2037.89556891999,2034.99957130568,2017.97212114601,2024.2869452186,2014.53888630469,2019.92339539505,2019.92339539505,2019.92339539505
India,2078.47948648748,2079.3041861084,2076.91051998543,2075.86927951823,2075.68732266614,2077.09714754615,2079.83032028541,2079.38246466483,2080.74117528906,2082.69378202302,2086.62839114097,2086.7727865028,2088.89356313695,2091.99586551616,2095.77821237484,2096.91608709019,2097.09653681833,2098.12133084599,2099.63309058128,2103.53618490971,2110.39267590654,2113.62459192292,2115.71386434159,2117.11331626455,2118.54471055051,2118.82149483149,2121.24307107548,2122.94068248459,2122.94068248459,2122.94068248459
Ireland,2080.2445738163,2045.190150666,1996.79411870471,1970.11090108281,1970.37250125562,1962.00129572711,1953.59919210706,1954.1941393222,1953.19404355812,1941.88287483442,1932.72378818257,1923.52937812396,1904.27627133913,1886.78643486913,1875.25595718632,1883.19370126892,1878.81295664881,1864.9322829648,1843.89620758483,1811.8029862916,1720.97381659398,1736.53149753786,1737.86125274317,1743.47263539131,1757.03059248741,1770.58430751139,1762.92321070813,1774.74978312983,1785.40216270954,1771.97794230727
Iceland,1664.4016373095,1667.95962249219,1667.95962249219,1682.91890161768,1654.66248549175,1641.36534849131,1658.81784080439,1683.7499726802,1664.63533824208,1644.68963274142,1695.38496755558,1706.18889136844,1672.11497780482,1638.87213530373,1645.52070380395,1637.20999317868,1627.23714042835,1605.62929280264,1607.2914349277,1512.25650332728,1503.05147058824,1511.8303030303,1497.88816180845,1499.77338756537,1488.4912081679,1486.40573318633,1473.99261603376,1464.45344129555,1449.39528023599,1454.49482503696
Israel,1904.34166878924,1897.26233173054,1950.86302660353,1952.88569433458,1993.3390489557,2017.61106172838,2035.53907319684,2040.49768557203,2015.45924767191,2023.33848173095,2034.74208909033,1998.01473439084,2015.55430785823,1996.87808799006,1973.28948691659,1965.09572601597,1951.71924629182,1964.7948558278,1960.65036774837,1962.02768960234,1956.26718555072,1946.81303439424,1918.91043956357,1908.59741768462,1894.17542136065,1895.90942412208,1921.19098068296,1920.53250811581,1912.89232128093,1900.87477881961
Italy,1856.40135855818,1847.46831313152,1850.49741093755,1850.64017966634,1850.3267706602,1856.21289433328,1866.15175598559,1859.86389820852,1873.13292810656,1869.87801800286,1850.1979712184,1837.63621651548,1826.19009524448,1815.103813227,1814.61554241732,1811.10171842616,1811.85161476171,1817.70744083846,1806.53939123886,1775.16963491007,1776.77324596091,1772.55737493813,1733.64227320782,1719.09030026131,1716.34117903052,1717.46897969506,1721.6975133508,1719.15929080328,1722.31845570449,1717.83381765276
Jamaica,1938.222785563,1947.97491548733,1963.45250413162,1951.13264844943,1958.878216656,1948.52499095232,1969.2647120222,1963.94735253154,1999.21074578903,1983.45027484391,1963.44926830631,1970.63687961104,1965.56637367778,,,,,,,,,,,,,,,,,
Japan,2028.41875,2010.74189814815,1962.13055555556,1926.77685185185,1909.1,1911.6,1914.8,1887.1,1866.5,1850.9,1858.5,1843.1,1830.6,1834.2,1841.9,1828.2,1836.4,1826.9,1807.7,1757.7,1779.3,1775.3,1786.8,1766.5,1762.1,1756.9,1747.1,1743.7,1729,1691.08525950385
Cambodia,,,,2190.64366581878,2160.65794361947,2187.28132146892,2191.9963317307,2202.3345723693,2239.29135485226,2265.42680712383,2296.89080399973,2321.0561910821,2367.16666726562,2366.47583954266,2374.30391720945,2373.75801940349,2374.1351701253,2380.8865699979,2382.56514615016,2389.08469694851,2390.16200061907,2408.06212706842,2414.25222223109,2423.97082125213,2442.80533747454,2458.30913226675,2467.99005201637,2474.91189335301,2474.91189335301,2474.91189335301
Republic of Korea,2674.14167989537,2658.15876361652,2636.18225373318,2653.16410227943,2637.18118600068,2645.17264414006,2634.18438919839,2579.24311449005,2485.34348135214,2492.33600722412,2509.31785577026,2496.3317362938,2461.36910693391,2421.41181623693,2389.44598367942,2348.48976071495,2343.49509937786,2303.53780868088,2216.63070141494,2167.46149884328,2153.4132477281,2126.31981734043,2110.26466250982,2100.23012403456,2070.31229631003,2077.29310061617,2062.33416511733,2012.47129258217,1987.53972284049,1979.52625757352
Sri Lanka,1982.90163129557,1998.10843807698,2001.62642043732,2017.4284093732,1961.76776594844,1943.48456495448,1936.94872350649,1894.85984851629,1910.48777488846,1932.79371710593,2000.73961844769,1975.66028868094,1812.20158360712,1733.87134403095,1856.29764779853,1887.69256924194,1835.42959351058,1861.29798030073,1823.99101340858,1810.6286959884,1872.33610513091,1993.67928297466,2052.95327766158,1896.66034263304,1926.35511588939,1924.01247047622,1922.44899047936,1922.51318106001,1922.51318106001,1922.51318106001
Lithuania,,,,,,1729.3558435254,1727.04020627509,1732.69395478538,1779.59381691649,1726.01386256492,1846.22746017339,1831.21939984695,1802.17110735079,1785.88633031963,1878.55613077087,1878.97192972577,1874.21024388177,1903.75672945182,1933.57151371933,1862.94369203424,1921.48934465631,1896.04649865747,1893.82076947138,1877.09273530977,1868.48781741622,1894.89536504812,1918.81802342958,1876.43054872273,1884.49949297407,1886.08447373354
Luxembourg,1633.9445181211,1616.63952322465,1595.69152940258,1602.06752752219,1581.11953370012,1592.61453031004,1599.56251127548,1598.03699179899,1593.31355259309,1591.75705854203,1602.21548949063,1585.71991545158,1580.68245125348,1578.93333333333,1577.87835265039,1549.8423738178,1552.27557280581,1566.29590766002,1566.96903794426,1516.47032170367,1516.49794192902,1515.06915928247,1508.08672258269,1502.68086098376,1506.15734309888,1513.67576085886,1512.38557326896,1505.68972290911,1505.71326707964,1505.55854209225
Latvia,,,,,,1975.90814779776,1975.89591173452,1975.91684664121,1975.9045799174,1975.9007029877,1975.79490954758,1987.14392244594,1937.87382392473,1927.73406520015,1878.39416210364,1905.51204663881,1906.82862578662,1878.2091403761,2002.2491398675,1952.22414022042,1935.13532738201,1951.89787671393,1934.28387230466,1927.7460810461,1938.47575373875,1901.74128233971,1902.4856143518,1886.51000575627,1899.59454805994,1864.97582124396
Mexico,2175.57086614173,2168.14016669573,2160.73484693059,2153.35482016157,2146,2161,2192,2241,2168,2242,2174,2146,2196,2143,2123,2105,2067,2045,2105,1973,2150,2121,2120,2136,2134,2140,2146,2148,2149,2137
Malta,,,,,2258.48771210391,2257.28989357159,2250.38574611899,2252.86495225501,2277.3826927495,2254.38400178192,2251.18169398907,2159.33682373473,2216.68786398019,2191.66778658782,2091.19635803709,2157.91352637842,2162.85584001042,2153.30359987257,2162.97377904809,2168.40372670807,2110.20208803956,2047.17115407425,2013.18947611355,1988.1224988884,1943.17738277335,1933.22856998023,1985.76220104997,1897.17536994558,1913.26967960959,1915.41671682517
Myanmar,2439.51075289691,2440.86391259165,2441.47603456314,2442.08079253974,2442.67374271529,2443.24981267322,2443.66352481305,2444.01130750291,2444.30648079608,2444.55895381131,2444.77492648356,2444.77837916786,2444.78778434959,2444.79302202404,2444.78218274209,2444.74240641588,2444.41250974824,2444.06333564617,2443.68557750431,2443.26645958323,2442.78464424057,2443.07080151805,2443.35114092496,2443.60836010848,2443.80507726345,2445.98534497364,2445.27809473928,2447.0576594937,2447.0576594937,2447.0576594937
Malaysia,2240.68156614468,2244.92840890568,2248.4296445991,2249.39021902105,2249.01594716027,2248.90423409625,2250.03613453661,2250.7687026052,2249.46491118404,2248.56453399783,2247.29151897399,2247.74777105373,2274.43135438645,2265.10012158054,2261.07738332937,2308.51209221607,2289.9543347059,2266.09029132498,2239.41783208168,2244.53017129966,2227.76219683704,2225.79980431352,2204.2870108947,2170.11938736516,2180.26583140391,2169.28759054712,2190.46806561808,2197.058086374,2197.058086374,2197.058086374
Netherlands,1476.1851996037,1467.07119837134,1473.48519923862,1463.15219784143,1470.79619887502,1481.55820033021,1496.45040431267,1481.96731171548,1478.72183908046,1477.17405338299,1464.06144093624,1454.07684952791,1436.37664649341,1427.82780429594,1447.89523234762,1433.6118705036,1430.44713061847,1429.1720246238,1428.56623667975,1420.04706414753,1419.63344344458,1420.18023715415,1410.50978838973,1414.6989579755,1425.5953008596,1425.81357856494,1437.30940400313,1436.76564376979,1436.40336313325,1439.73151629073
Norway,1502.42954324587,1500.49067713445,1510.32448377581,1506.58857979502,1504.5739046702,1487.7358490566,1482.20064724919,1477.53818508535,1475.71115973742,1474.84822202949,1456.46551724138,1423.98286937902,1406.80154972019,1389.42307692308,1404.96948561465,1406.38481449525,1399.66555183946,1405.23138832998,1406.78627145086,1387.08414872798,1395.36709854731,1400.15479876161,1396.28365566932,1386.72168042011,1389.38381588716,1391.94680458072,1394.47513812155,1380.77903167091,1382.52148997135,1384.07329105004
New Zealand,1808.29438327887,1795.99889887425,1804.7195701019,1857.00743223564,1851.46572628228,1845.45259279938,1838.87302443578,1823.38636191858,1824.11009077797,1840.17522520816,1836.36225122568,1820.93525863215,1820.75972110946,1818.16930807885,1832.76300294859,1812.74220732441,1796.37082606592,1777.80475016588,1759.58191651539,1741.75374887087,1759.79012647398,1746.31761670117,1739.55787215732,1756.73481236388,1756.55414658266,1750.86328487027,1764.12965594284,1752.57494350855,1769.08498554766,1778.98443058943
Pakistan,2205.63176345924,2205.46339609085,2191.65720503721,2194.67627702867,2191.87236296515,2208.6286384151,2206.70667229236,2199.74774601322,2177.57755837348,2179.19542516302,2186.43676993238,2178.35619214505,2169.92918269705,2183.73080714452,2176.87013671966,2164.00089496367,2131.49663128643,2135.80435897964,2128.70811781408,2109.1352781699,2127.92344414768,2114.87423458301,2101.50211226882,2088.75303393248,2058.52392472931,2026.97769663354,1997.12581192399,1966.90718046047,1966.90718046047,1966.90718046047
Peru,2124.67849357041,2120.4772792949,2126.32514835365,2119.62940741529,2117.72408282314,2117.34418186855,2112.00906141046,2111.49587635061,2104.99258180791,2101.35515069944,2101.23468405172,2100.58492780776,2098.30816906557,2100.92120891962,2099.53957604442,2100.56938829356,2100.76459619634,2116.98228593942,2123.13309524531,2123.40433436309,2132.4568509245,2132.8753053824,2134.47303367359,2137.35821891497,2134.60751285304,2133.84166962571,2139.42177156342,2139.60175949709,2139.60175949709,2139.60175949709
Philippines,2191.85074734378,2176.25021995287,2176.11104785618,2136.09364080059,2149.98689956855,2130.21394088094,2094.38431692783,2146.59352778305,2105.02670496789,2115.57987347704,2160.45367914906,2067.62990910962,2061.25575078172,2077.35258103476,2084.00799791227,2103.09054529137,2077.18583383126,2092.11421449802,2112.77909030905,2117.41814323607,2124.37976911336,2127.20830581846,2131.92487978723,2140.26487722336,2142.98321311221,2149.71422660348,2159.47503073321,2168.29650047107,2168.29650047107,2168.29650047107
Poland,,,,,,2081.89836718754,2082.04636721364,2081.85236717943,2081.79536716937,2115.15737305348,2081.69736715209,2083.69085862429,2078.47518941182,2084.172099279,2084.53282268555,2079.04844561429,2080.57949930708,2077.61446037517,2069.59998474437,2054.00002533345,2048.80002342179,2043.59998188558,2038.39998966068,2034.75458813487,2041.32191214799,2049.00914214152,2051.47934433561,2029.35825927061,2002.15146582783,2022.63223188477
Portugal,1972.38001817994,1893.14306790613,1876.25604348235,1863.66193020612,1859.32958282557,1897.71780842486,1898.77130081848,1893.72051930463,1909.18666235774,1910.95426129684,1920.56145946139,1903.93170490186,1896.985395918,1889.95547224711,1896.08761931843,1898.14400431664,1886.33868551985,1903.48428751497,1890.36186081852,1890.7940400956,1893.63561901986,1870.60332068172,1853.0901788735,1863.21646139361,1870.83419196586,1878.60164954041,1884.82965078519,1873.61908133095,1867.85201222515,1864.58836048923
Romania,,,,,,1822.64540563805,1861.46354704354,1860.52391920155,1859.14932530186,1850.04467781309,1852.99899736344,1852.48045940341,1867.17617689761,1837.05989926223,1886.58057142857,1876.99610223712,1836.0745405365,1839.94076978205,1835.25210757445,1815.49711104457,1840.66898946717,1849.26924566159,1811.54280360427,1806.45692813966,1792.53352789938,1785.67108859097,1809.02842365,1785.79676058949,1787.76637307257,1791.73542917288
Russian Federation,,,1933,1939,1895,1891,1894,1951,1946,1964,1982,1980,1982,1993,1993,1989,1998,1999,1997,1974,1976,1979,1982,1980,1985,1978,1974,1979,1970,1965
Singapore,2431.68752962136,2451.96245132616,2455.63333064467,2482.59594516813,2498.54006135709,2512.1887529966,2533.22653197735,2547.50594830734,2535.09827523412,2556.51132293209,2574.27833434017,2553.50788874944,2545.01933947509,2550.02404571786,2515.58411197382,2515.72480102221,2507.1008726359,2484.90127598946,2477.46908004898,2440.51433819778,2476.2314600838,2433.72624806956,2441.26374948622,2430.66663718901,2390.98574627838,2362.42360193569,2351.11128431388,2333.34469826117,2306.00868836354,2330.16587486176
Slovakia,1827.64549167595,1827.73431293746,1827.67509876309,1827.80339614088,1827.42837303654,1853.04837247709,1819.63218989266,1829.99798018704,1821.86070877402,1816.24063645476,1815.60609427859,1800.73557213075,1754.07400866362,1697.56511863798,1741.99432804892,1769.4879147498,1774.45401638537,1791.20107305108,1793.35688920139,1780.33824143503,1805.15019679052,1793.0127563612,1789.04242270631,1771.61409510777,1759.61316150507,1754.0862776234,1740.01077098727,1713.78095149773,1703.92536881689,1694.9401652191
Slovenia,,,,,,1755.70491625562,1727.5954743024,1715.10566870945,1728.29465232199,1730.07552199023,1710.07280757374,1695.85529962934,1720.49054019348,1723.78856517165,1736.52514528506,1696.5478674209,1667.41876396286,1654.91025693562,1673.48105504083,1678.98828335383,1680.33256523635,1663.35919767749,1644.35243210982,1662.23927736038,1681.74997584982,1687.31273705846,1652.38466983096,1621.49874666451,1598.70385610158,1592.93390367372
Sweden,1558.67115858275,1545.42515723507,1563.00815902401,1594.68116224649,1633.4432604041,1638.93100191325,1651.48074904172,1656.30657367562,1655.18373501301,1664.77678784125,1643.43843005952,1620.15210857091,1597.0250153643,1583.29975733712,1606.84909401079,1605.51384218527,1603.95141590518,1616.89026411758,1627.13185100639,1613.09630559541,1640.51411133139,1640.99142247573,1627.29453460982,1617.95590753425,1619.43048929793,1620.92563702548,1634.16930460533,1621.47271060081,1620.7348412029,1605.27660238286
Thailand,2579.75468061814,2627.61554140804,2643.70777900983,2564.59632456175,2614.28035608702,2609.08843664665,2555.23522277005,2485.2308696289,2533.81865571529,2498.46783868626,2502.6596050138,2404.50668854161,2393.93961024573,2383.69676146474,2389.00121950127,2337.94273898473,2325.65189084755,2329.80112734262,2342.09199308417,2354.11194230289,2349.35640309388,2357.54646363281,2312.42985399874,2273.49379720735,2247.32106618344,2186.46081958884,2207.70375147476,2092.99009981099,2092.99009981099,2092.99009981099
Trinidad and Tobago,,1585.06005330713,1564.75064917493,1580.24238294832,1591.53762578346,1602.29161906939,1618.53929045032,1627.13656710518,1630.51523865707,1636.52506067529,1663.8953375785,1668.04469528462,1634.80045979347,,,,,,,,,,,,,,,,,
Turkey,1866,1870,1897,1917,1886,1876,1892,1878,1884,1925,1937,1942,1943,1943,1918,1936,1944,1911,1900,1881,1877,1864,1855,1832,1832,1832,1832,1832,1832,1832
Taiwan,2230.64404715128,2217.8704756499,2220.2359519573,2240.57904756721,2184.75380926954,2224.49380957436,2198.00047649301,2141.22904731993,2192.32333367822,2190.43095203935,2180.49595274313,2125.61690454219,2111.89714271173,2117.10119030721,2135.55190452561,2127.50928557467,2134.60571387367,2129.87476190476,2073.57642850463,2054.17952407986,2062.69523787443,2052.76023820347,2066.95309506726,2062.22214266678,,2152.28978412256,2123.75826339015,2092.538179866,2090.07056408786,2085.13533253157
Uruguay,1788,1781.50098863086,1775.02559982815,1768.5737477287,1762.14534678147,1755.74031174634,1749.35855769304,1743,1736.66455435324,1722,1704.07686449945,1672.77210236682,1635.87876093913,1612.8037726192,1638.44816641275,1628.00119600417,1622.79580492882,1608.59766364762,1623.33369768657,1603.92233955237,1597.60669198219,1592.42027501999,1578.63530839001,1571.79928660542,1567.33735615724,1556.42833105545,1532.51374047687,1532.51374047687,1532.51374047687,1532.51374047687
United States,1795.56790977175,1787.33781653738,1774.88285231525,1789.95471670626,1807.82733930604,1817.47432777928,1823.5205219269,1828.48827562197,1839.1961472702,1841.33345555138,1844.85397958194,1823.65933830916,1806.69081280371,1790.8416783128,1789.52746000503,1787.01385712912,1787.35116417542,1785.88350541588,1765.76630267283,1728.60764941982,1735.01120602315,1744.90836490222,1746.85856447259,1752.53277609598,1758.26851690656,1770.02317410481,1766.74412526796,1763.72667602045,1774.70381111839,1765.34639005922
Venezuela (Bolivarian Republic of),1889,1878.47065454853,1868,1888.88326796549,1910,1915.22849184547,1920.47129632286,1925.72845261201,1931,1886.89659257619,1898.51177944182,1869.47245215862,1829.0202960733,1801.21093143777,1896.69493691477,1922.8501200504,1903.85160715728,,,,,,,,,,,,,
Viet Nam,2349.80420639479,2346.67175761362,2344.2401968046,2342.71283544304,2339.79138479963,2336.04881084761,2331.62078346585,2317.49288387968,2362.40038170533,2362.14811198213,2393.65671057478,2246.97519326553,2230.7422537018,2254.90054721207,2206.9907067159,2191.68667061798,2239.64782009966,2241.18143923965,2336.6922203181,2405.36931381874,2299.99859928988,2331.30152820497,2310.52134084751,2267.48730337079,2150.63818919528,2191.37043622588,2169.55150379295,2131.96823176584,2131.96823176584,2131.96823176584
South Africa,,,,,,,,,,,,2376.33813893182,2382.76584690207,2318.67937246357,2342.27338254937,2399.4281161562,2315.74802196484,2322.1227905779,2284.2343721089,2249.3082292443,2235.74297377937,2254.58565423421,2224.10819472769,2211.98634703073,2209.09146655066,,2218.4550675406,2197.03326285261,2191.36336158219,2191.36336158219